id,reputationIdx,repRaceMask_1,repRaceMask_2,repRaceMask_3,repRaceMask_4,repClassMask_1,repClassMask_2,repClassMask_3,repClassMask_4,repBase_1,repBase_2,repBase_3,repBase_4,repFlags_1,repFlags_2,repFlags_3,repFlags_4,parentFactionId,name_enUS,name_koKR,name_frFR,name_deDE,name_zhCN,name_ruRU,name_esES,name_ptPT,nameMask,description_enUS,description_koKR,description_frFR,description_deDE,description_zhCN,description_ruRU,description_esES,description_ptPT,descriptionMask
1,-1,0,0,0,0,0,0,0,0,0,0,0,0,0,0,0,0,0,"PLAYER, Human",,,"SPIELER, Mensch",人类(玩家),"ИГРОК, Человек","JUGADOR, Humano","JOGADOR, Humano",4128894,,,,,,,,,4128876
2,-1,0,0,0,0,0,0,0,0,0,0,0,0,0,0,0,0,0,"PLAYER, Orc",,,"SPIELER, Orc",兽人(玩家),"ИГРОК, Орк","JUGADOR, Orco","JOGADOR, Orco",4128894,,,,,,,,,4128876
3,-1,0,0,0,0,0,0,0,0,0,0,0,0,0,0,0,0,0,"PLAYER, Dwarf",,,"SPIELER, Zwerg",矮人(玩家),"ИГРОК, Дворф","JUGADOR, Enano","JOGADOR, Anão",4128894,,,,,,,,,4128876
4,-1,0,0,0,0,0,0,0,0,0,0,0,0,0,0,0,0,0,"PLAYER, Night Elf",,,"SPIELER, Nachtelf",暗夜精灵(玩家),"ИГРОК, Ночной Эльф","JUGADOR, Elfo de la Noche","JOGADOR, Elfo Noturno",4128894,,,,,,,,,4128876
5,-1,0,0,0,0,0,0,0,0,0,0,0,0,0,0,0,0,0,"PLAYER, Undead",,,"SPIELER, Untoter",亡灵(玩家),"ИГРОК, Нежить","JUGADOR, No-muerto","JOGADOR, Não-morto",4128894,,,,,,,,,4128878
6,-1,0,0,0,0,0,0,0,0,0,0,0,0,0,0,0,0,0,"PLAYER, Tauren ",,,"SPIELER, Tauren",牛头人(玩家),"ИГРОК, Таурен","JUGADOR, Tauren","JOGADOR, Tauren",4128894,,,,,,,,,4128876
7,-1,0,0,0,0,0,0,0,0,0,0,0,0,0,0,0,0,0,Creature,,,Kreatur,生物,Существо,Criatura,Criatura,8323198,,,,,,,,,4128876
8,-1,0,0,0,0,0,0,0,0,0,0,0,0,0,0,0,0,0,"PLAYER, Gnome",,,"SPIELER, Gnom",侏儒(玩家),"ИГРОК, Гном","JUGADOR, Gnomo","JOGADOR, Gnomo",4128894,,,,,,,,,4128876
9,-1,0,0,0,0,0,0,0,0,0,0,0,0,0,0,0,0,0,"PLAYER, Troll",,,"SPIELER, Troll",巨魔(玩家),"ИГРОК, Тролль","JUGADOR, Trol","JOGADOR, Troll",4128894,,,,,,,,,4128876
14,-1,0,0,0,0,0,0,0,0,0,0,0,0,0,0,0,0,0,Monster,,,Monster,怪物,Монстр,Monstruo,Monstro,8323198,,,,,,,,,4128876
15,-1,589,434,0,0,0,0,0,0,-6500,-42000,0,0,0,0,0,0,0,Defias Brotherhood,,,Bruderschaft der Defias,迪菲亚兄弟会,Братство Справедливости,Hermandad Defias,Irmandade Défias,4128894,The Defias Brotherhood is a criminal organization seeking to tear down the Stormwind ruling class and establish a new society through revolution. The Defias are not beyond working with dangerous beings to achieve their goals.,,,"Die Bruderschaft der Defias ist eine verbrecherische Organisation, die den Adel von Sturmwind stürzen und durch eine Revolution eine neue Ordnung errichten will. Um ihre Ziele zu erreichen, schreckt sie nicht davor zurück, mit gefährlichen Wesen zu paktieren.",迪菲亚兄弟会是一个犯罪组织，旨在通过革命推翻暴风城的统治阶级，并建立一个新的社会秩序。迪菲亚兄弟会为了实现自己的目标，不惜与危险的存在合作。,"Братство Справедливости — преступная организация, стремящаяся свергнуть правящий класс Штормграда и построить новое общество через революцию. Они не гнушаются сотрудничеством с опасными силами ради достижения своей цели.",La Hermandad Defias es una organización criminal que busca derribar a la clase gobernante de Ventormenta y establecer una nueva sociedad a través de la revolución. Los Defias no dudan en trabajar con seres peligrosos para lograr sus objetivos.,A Irmandade Défias é uma organização criminosa que busca derrubar a classe dominante de Ventobravo e estabelecer uma nova sociedade por meio de uma revolução. Os Défias não hesitam em se aliar com seres perigosos para alcançar seus objetivos.,4128876
16,-1,1023,0,0,0,0,0,0,0,-42000,0,0,0,0,0,0,0,0,Riverpaw Gnolls,,,Flusspfoten Gnolle,河爪豺狼人,Гноллы из стаи Речной Лапы,Gnolls Zarparrío,Gnolls Pata Molhada,4128894,,,,,,,,,4128876
17,-1,0,0,0,0,0,0,0,0,0,0,0,0,0,0,0,0,0,Gnoll - Redridge,,,Gnoll - Rotkamm,赤脊山豺狼人,Гнолл Красногорья,Gnoll: Crestagrana,Gnoll - Cristarrubra,4128894,,,,,,,,,4128876
18,-1,0,0,0,0,0,0,0,0,0,0,0,0,0,0,0,0,0,Gnoll - Shadowhide,,,Gnoll - Schattenfell,暗皮豺狼人,Гнолл из стаи Темношкуров,Gnoll: Pielsombra,Gnoll - Umbrapele,4128894,,,,,,,,,4128876
19,-1,1023,0,0,0,0,0,0,0,0,0,0,0,0,0,0,0,0,Murloc,,,Murloc,鱼人,Мурлок,Múrloc,Murloc,8323198,,,,,,,,,4128876
20,-1,1023,0,0,0,0,0,0,0,-42000,0,0,0,0,0,0,0,0,Undead,,,Untoter,亡灵(天灾军团),Нежить,No-muerto,Morto-Vivo,8323198,Undead,,,Untote,亡灵,Нежить,No-Muertos,Mortos-Vivos,4128876
21,1,767,256,0,0,0,0,0,0,500,3500,0,0,0,0,0,0,169,Booty Bay,,,Beutebucht,藏宝海湾,Пиратская Бухта,Bahía del Botín,Angra do Butim,4128894,This booming coastal city is run by Baron Revilgaz of the Blackwater Raiders.  Mortal enemies of the Bloodsail Buccaneers and part of the Steamwheedle Cartel.,,,Diese florierende Küstenstadt wird von Baron Revilgaz von den Schwarzmeerpiraten regiert. Sie ist Teil des Dampfdüsenkartells und Todfeind der Blutsegelbukaniere.,一个由黑水海盗的头目，大财主里维加兹经营的繁荣的海港城市。它也是热砂财团的一部分，主要仇敌是血帆海盗。,"В этом процветающем приморском городе правит Барон Ревилгаз, разбойник Черноводья. Город входит в Картель Хитрой Шестеренки и ведет войну с Кровавым Парусом.",Esta próspera ciudad costera está gobernada por el Barón Revilgaz de los Asaltantes Aguasnegras. Enemigos mortales de los Bucaneros Velasangre y parte del Cártel Bonvapor.,Esta próspera cidade costeira é governada pelo Barão Revilgaz dos Piratas da Aguanegra. Inimigos mortais dos Bucaneiros da Vela Sangrenta e parte do Cartel Bondebico.,4128894
22,-1,0,0,0,0,0,0,0,0,0,0,0,0,0,0,0,0,0,Beast - Spider,,,Wildtier - Spinne,野兽 - 蜘蛛,Животное: Паук,Bestia: Araña,Fera - Aranha,4128894,,,,,,,,,4128876
23,-1,0,0,0,0,0,0,0,0,0,0,0,0,0,0,0,0,0,Beast - Boar,,,Wildtier - Eber,野兽 - 野猪,Животное: Кабан,Bestia: Jabalí,Fera - Javali,4128894,,,,,,,,,4128876
24,-1,1023,0,0,0,0,0,0,0,-42000,0,0,0,0,0,0,0,0,Worgen,,,Worgen,狼人,Ворген,Huargen,Worgen,8323198,The Worgen are mysterious beings summoned from another dimension. Their intentions and purpose is unknown.,,,Die Worgen sind geheimnisvolle Wesen aus einer fremden Dimension. Ihre Absichten und ihr Ziel bleiben im Verborgenen.,狼人是从另一个维度召唤而来的神秘存在。它们的意图和目的至今仍然未知。,The Worgen are mysterious beings summoned from another dimension. Their intentions and purpose is unknown.,Los Worgen son seres misteriosos convocados desde otra dimensión. Sus intenciones y propósito son desconocidos.,Os Worgen são seres misteriosos summonados de outra dimensão. Suas intenções e propósito são desconhecidos.,4128876
25,-1,1023,0,0,0,0,0,0,0,0,0,0,0,0,0,0,0,0,Kobold,,,Kobold,狗头人,Кобольд,Kóbold,Kobold,8323198,,,,,,,,,4128876
26,-1,0,0,0,0,0,0,0,0,0,0,0,0,0,0,0,0,0,"Troll, Bloodscalp",,,Troll - Blutskalpe,血顶巨魔,Тролль: Кровавый Скальп,"Trol, Sangrapellejo","Troll, Sanguescalpo",4128894,,,,,,,,,4128876
27,-1,0,0,0,0,0,0,0,0,0,0,0,0,0,0,0,0,0,"Troll, Skullsplitter",,,Troll - Schädelspalter,劈颅巨魔,Тролль: Дробители Черепов,"Trol, Machacacráneos","Troll, Rachacrânio",4128894,,,,,,,,,4128876
28,-1,0,0,0,0,0,0,0,0,0,0,0,0,0,0,0,0,0,Prey,,,Beute,猎物,Добыча,Presa,Presa,8323198,,,,,,,,,4128876
29,-1,0,0,0,0,0,0,0,0,0,0,0,0,0,0,0,0,0,Beast - Wolf,,,Wildtier - Wolf,野兽 - 狼,Животное: Волк,Bestia: Lobo,Fera - Lobo,4128894,,,,,,,,,4128876
30,-1,0,0,0,0,0,0,0,0,0,0,0,0,0,0,0,0,0,Defias Brotherhood Traitor,,,Verräter der Defias,迪菲亚兄弟会叛徒,Предатель Братства Справедливости,Traidor de la Hermandad Defias,Traidor da Irmandade Défias,4128894,,,,,,,,,4128876
31,-1,0,0,0,0,0,0,0,0,0,0,0,0,0,0,0,0,0,Friendly,,,Freundlich,友方,Дружественный,Amistoso,Amigável,8323198,,,,,,,,,4128876
32,-1,0,0,0,0,0,0,0,0,0,0,0,0,0,0,0,0,0,Trogg,,,Trogg,穴居人,Трогг,Trogg,Trogg,8323198,,,,,,,,,4128876
33,-1,589,434,0,0,0,0,0,0,-42000,-6500,0,0,0,0,0,0,0,Frostmane Tribe,,,Frostmähnenstamm,霜鬃部落,Племя Мерзлогривов,Tribu Peloescarcha,Tribo Jubafria,4128894,The Frostmane is a tribe of Ice Trolls making a meager living within Dun Morogh at odds with the Dwarven and Gnomish inhabitants of the region.,,,"Die Frostmähnen sind ein Stamm von Eistrollen, die in Dun Morogh ein karges Leben führen und im ständigen Konflikt mit den Zwergen und Gnomen der Region stehen.",霜鬃部族是一支居住在丹莫罗的冰霜巨魔部族，这些巨魔在与该地区的矮人和侏儒居民之间的冲突中勉强营生。,"Племя Мерзлогривов — это клан Ледяных Троллей, с трудом выживающий в Дун Морогге и находящийся в постоянном конфликте с Дворфами и Гномами, населяющими этот регион.","Los Peloescarcha son una tribu de Trols de Hielo que sobreviven de manera humilde dentro de Dun Morogh, en conflicto con los enanos y gnomos habitantes de la región.","Os Jubafria são uma tribo de Trolls das Neves que levam uma vida modesta em Dun Morogh, em conflito com os anões e gnomos da região.",4128876
34,-1,0,0,0,0,0,0,0,0,0,0,0,0,0,0,0,0,0,"Orc, Blackrock",,,Orc - Schwarzfels,黑石氏族兽人,Орк: Черная Гора,"Orco, Roca Negra","Orc, Rocha Negra",8323198,,,,,,,,,4128876
35,-1,0,0,0,0,0,0,0,0,0,0,0,0,0,0,0,0,0,Villian,,,Bösewicht,恶徒,Злодей,Villano,Vilão,8323198,,,,,,,,,4128876
36,-1,0,0,0,0,0,0,0,0,0,0,0,0,0,0,0,0,0,Victim,,,Opfer,牺牲品,Жертва,Víctima,Vítima,8323198,,,,,,,,,4128876
37,-1,0,0,0,0,0,0,0,0,0,0,0,0,0,0,0,0,0,Beast - Bear,,,Wildtier - Bär,野兽 - 熊,Животное: Медведь,Bestia: Oso,Fera - Urso,4128894,,,,,,,,,4128876
38,-1,1023,0,0,0,0,0,0,0,-42000,0,0,0,0,0,0,0,0,Ogre,,,Oger,食人魔,Огр,Ogro,Ogro,8323198,,,,,,,,,4128876
39,-1,0,0,0,0,0,0,0,0,0,0,0,0,0,0,0,0,0,Kurzen's Mercenaries,,,Kurzans Söldner,库尔森的雇佣兵,Наемники Курцена,Mercenarios de Kurzen,Mercenários de Kurzen,8323198,,,,,,,,,4128876
40,-1,0,0,0,0,0,0,0,0,0,0,0,0,0,0,0,0,0,Escortee,,,Begleitperson,卫队,Сопровождаемый,Acompañante,Escoltado,8323198,,,,,,,,,4128876
41,-1,1023,0,0,0,0,0,0,0,-42000,0,0,0,0,0,0,0,0,Venture Company,,,Venture Company,风险投资公司,Торговая Компания,Ventura y Cía.,Empreendimentos S.A.,4128894,The Venture Company is a Goblin-run cutthroat organization that seeks to attain profit at any cost. The Venture Company will employ anyone they find useful and treat it's workers fairly in order to gain the greatest profit possible.,,,"Die Venture Company ist eine skrupellose, von Goblins geführte Organisation, die um jeden Preis Profit erzielen will. Sie beschäftigt jeden, den sie für nützlich hält, und behandelt ihre Arbeiter fair – alles im Namen des größtmöglichen Gewinns.",风险投资公司是由地精经营的残忍组织，不惜一切代价追求利润。该公司雇佣任何他们认为有用的人，并平等的对待他们的所有工人，以获得最大的利润。,"Торговая Компания — это управляемая Гоблинами беспощадная организация, стремящаяся получить прибыль любой ценой. Торговая Торговая нанимает всех, кого сочтёт полезным, и обращается со своими рабочими справедливо, чтобы получить наибольшую возможную выгоду.","Ventura y Cía. es una organización dirigida por Goblins, despiadada y que busca obtener ganancias a cualquier costo. La Compañía Ventura empleará a cualquiera que considere útil y tratará a sus trabajadores de manera justa para obtener la mayor ganancia posible.",A Empreendimentos S.A. é uma organização implacável dirigida por Goblins que busca obter lucro a qualquer custo. A Empreendimentos S.A. contrata qualquer um que considerem útil e trata seus trabalhadores de maneira justa para alcançar o maior lucro possível.,4128876
42,-1,0,0,0,0,0,0,0,0,0,0,0,0,0,0,0,0,0,Beast - Raptor,,,Wildtier - Raptor,野兽 - 迅猛龙,Животное: Ящер,Bestia: Raptor,Fera - Raptor,4128894,,,,,,,,,4128876
43,-1,0,0,0,0,0,0,0,0,0,0,0,0,0,0,0,0,0,Basilisk,,,Basilisk,石化蜥蜴,Василиск,Basilisco,Basilisco,4128894,,,,,,,,,4128876
44,-1,589,434,0,0,0,0,0,0,-6500,-42000,0,0,0,0,0,0,0,Trash,,,Abfall,破烂,Мусор,Basura,Lixo,4128894,Ass,,,Gerümpel,毫无价值,Мусор,Basura,Bunda,4128876
45,-1,0,0,0,0,0,0,0,0,0,0,0,0,0,0,0,0,0,Lost Ones,,,Verirrte,失落者,Заблудшие,Los Perdidos,Os Perdidos,8323198,,,,,,,,,4128876
46,-1,1023,0,0,0,0,0,0,0,0,0,0,0,4,0,0,0,0, Blacksmithing - Armorsmithing,,,Schmiedekunst - Rüstungsschmiedekunst,锻造- 护甲锻造,Кузнечное дело: Ковка Доспехов,Herrería - Forjador de Armaduras,Ferraria - Ferreiro de Armaduras,4128894,,,,,,,,,4128876
47,20,585,434,4,0,0,0,0,0,3100,-42000,4000,0,17,2,17,0,469,Ironforge,,,Eisenschmiede,铁炉堡,Стальгорн,Forjaz,Altaforja,4128894,This Alliance capital is the pride of the Dun Morogh dwarves.  Home to King Magni.,,,Diese Hauptstadt der Allianz ist der ganze Stolz der Zwerge von Dun Morogh. Sie ist die Heimat von König Magni.,这座联盟的大都市是丹莫罗矮人们的骄傲，也是麦格尼国王的家。,"Одна из столиц Альянса, населенная Дворфами Дун Морога. Вотчина короля Магни.",Esta capital de la Alianza es el orgullo de los enanos de Dun Morogh. Hogar del Rey Magni.,Esta capital da Aliança é o orgulho dos anões de Dun Morogh. Lar do Rei Magni.,4128894
48,-1,1023,0,0,0,0,0,0,0,-42000,0,0,0,0,0,0,0,0,Dark Iron Dwarves,,,Dunkeleisenzwerge,黑铁矮人,Дворфы Клана Черного Железа,Enanos Hierro Negro,Anões Ferro Negro,4128894,,,,,,,,,4128876
49,-1,0,0,0,0,0,0,0,0,0,0,0,0,0,0,0,0,0,"Human, Night Watch",,,Mensch - Nachtwache,暮色森林守夜人,Человек: Ночной Дозор,"Humano, Guardia Nocturna","Humano, Vigília Noturna",8323198,,,,,,,,,4128876
50,-1,589,434,0,0,0,0,0,0,-6500,-42000,0,0,0,0,0,0,0,Rubbish,,,Gerümpel,废物,Мусор,Basura,Sujeira,4128894,Ass,,,Gerümpel,毫无价值,Мусор,Basura,Bunda,4128876
51,-1,0,0,0,0,0,0,0,0,0,0,0,0,0,0,0,0,0,Gnoll - Mosshide,,,Gnoll - Moosfell,藓皮豺狼人,Гнолл: Мохошкур,Gnoll: Pellejomusgo,Gnoll - Pelemusgo,4128894,,,,,,,,,4128876
52,-1,0,0,0,0,0,0,0,0,0,0,0,0,0,0,0,0,0,"Orc, Dragonmaw",,,Orc - Drachenmalklan,龙喉氏族兽人,Орк Скверны: Клан Драконьей Пасти,"Orco, Faucedraco","Orc, Presa do Dragão",8323198,,,,,,,,,4128876
53,-1,0,0,0,0,0,0,0,0,0,0,0,0,0,0,0,0,0,Gnome - Leper,,,Gnom - Lepra,麻疯侏儒,Гном: Зараженный,Gnomo: Paria,Gnomo - Leproso,4128894,,,,,,,,,4128876
54,18,525,434,64,0,0,0,0,0,3100,-42000,4000,0,17,2,17,0,469,Gnomeregan Exiles,,,Exilanten von Gnomeregan,诺莫瑞根流亡者,Изгнанники Гномрегана,Exiliados de Gnomeregan,Exilados de Gnomeregan,4128894,"The former denizens of Gnomeregan, now living in exile within the Gnomeregan Reclamation Facility in Dun Morogh, trying to reclaim their home.",,,"Die einstigen Bewohner von Gnomeregan leben nun im Exil in der Rückgewinnungsstation in Dun Morogh und setzen alles daran, ihre Heimat zurückzuerobern.",诺莫瑞根以前的居民，如今流亡在丹莫罗的诺莫瑞根复兴城中，试图夺回他们的家园。,"Бывшие жители Гномрегана, ныне живущие в изгнании в Центре Рекультивации Гномрегана в Дун Мороге, пытаются вернуть себе свой дом.","Los antiguos habitantes de Gnomeregan, ahora viviendo en el exilio dentro de la instalación de recuperación de Gnomeregan en Dun Morogh, tratando de reclamar su hogar.","Os antigos habitantes de Gnomeregan, agora vivendo em exílio nas Instalações de Recuperação de Gnomeregan em Dun Morogh, tentam recuperar seu lar.",4128894
55,-1,0,0,0,0,0,0,0,0,0,0,0,0,0,0,0,0,0,Leopard,,,Leopard,野兽 - 豹,Леопард,Leopardo,Leopardo,8323198,,,,,,,,,4128876
56,-1,1023,0,0,0,0,0,0,0,-42000,0,0,0,2,0,0,0,0,Scarlet Crusade,,,Scharlachrote Kreuzfahrer,血色十字军,Алый Орден,Cruzada Escarlata,Cruzada Escarlate,8323198,"The Scarlet Crusade is a religious organization dedicated to the eradication of the undead. They seldom trust outsiders, believing them to carry the Plague of Undeath.",,,"Der Scharlachrote Kreuzzug ist eine religiöse Organisation, die sich der Auslöschung der Untoten verschrieben hat. Sie misstraut Außenstehenden, da sie diese für Träger der Seuche des Untodes hält.",血色十字军是一个宗教组织，致力于根除亡灵。他们很少信任外来者，认为他们携带着亡灵瘟疫。,"Алый Орден — это религиозная организация, посвятившая себя истреблению Нежити. Они редко доверяют чужакам, считая, что те могут быть носителями Чумы Нежити.","La Cruzada Escarlata es una organización religiosa dedicada a la erradicación de los No-Muertos. Rara vez confían en los forasteros, creyendo que llevan consigo la Plaga de la No-Muerte.","A Cruzada Escarlate é uma organização religiosa dedicada à erradicação dos mortos-vivos. Eles raramente confiam em forasteiros, acreditando que eles carregam a Praga da Morte-Viva.",4128876
57,-1,0,0,0,0,0,0,0,0,0,0,0,0,0,0,0,0,0,Gnoll - Rothide,,,Gnoll - Rotfell,烂皮豺狼人,Гнолл: Гнилошкуры,Gnoll: Putrepellejo,Gnoll - Putricouro,4128894,,,,,,,,,4128876
58,-1,0,0,0,0,0,0,0,0,0,0,0,0,0,0,0,0,0,Beast - Gorilla,,,Wildtier - Gorilla,野兽 - 猩猩,Животное: Горилла,Bestia: Gorila,Fera - Gorila,4128894,,,,,,,,,4128876
59,4,1023,0,0,0,0,0,0,0,0,0,0,0,16,0,0,0,0,Thorium Brotherhood,,,Thorium-Bruderschaft,瑟银兄弟会,Братство Тория,Hermandad del Torio,Irmandade do Tório,4128894,The dwarves of the Thorium Brotherhood epitomize excellence in craftsmanship and are bent on unlocking the secrets of Blackrock Mountain.,,,"Die Zwerge der Thoriumbruderschaft verkörpern meisterhaftes Handwerk und sind fest entschlossen, die Geheimnisse des Schwarzfels zu lüften.",瑟银兄弟会的矮人有着无与伦比的制造技术，并致力于解开黑石山中的全部秘密。,Дворфы из братства Тория – прославленные мастера и лучшие знатоки тайн Черной Горы.,Los enanos de la Hermandad del Torio representan la excelencia en la artesanía y están empeñados en desvelar los secretos de la Montaña Roca Negra.,Os anões da Irmandade do Tório personificam a excelência em artesanato e estão empenhados em desvendar os segredos da Montanha Rocha Negra.,4128894
60,-1,1023,0,0,0,0,0,0,0,-42000,0,0,0,0,0,0,0,0,Naga,,,Naga,纳迦,Нага,Naga,Naga,4128894,,,,,,,,,4128876
61,60,589,434,0,0,0,0,0,0,3300,-42000,0,0,16,2,0,0,0,Dalaran,,,Dalaran,达拉然,Даларан,Dalaran,Dalaran,4128894,The once mighty magical citystate of Dalaran was destroyed by the Burning Legion. Today its surviving inhabitants struggle to rebuild their home and defend their territories from the Horde and the Scourge.,,,"Die einst mächtige Magierstadt Dalaran wurde von der Brennenden Legion zerstört. Heute kämpfen ihre überlebenden Bewohner darum, ihre Heimat wieder aufzubauen und ihr Territorium gegen die Horde und die Geißel zu verteidigen.",曾经强大的魔法城市达拉然被燃烧军团摧毁。如今，幸存的居民们努力重建他们的家园，并从部落和天灾军团手中保卫自己的领土。,Когда-то могущественный магический город-государство Даларан был разрушен Пылающим Легионом. Сегодня его выжившие обитатели пытаются восстановить свой дом и защитить свои земли от Орды и Плети.,"La poderosa ciudad mágica de Dalaran fue destruida por la Legión Ardiente. Hoy en día, sus habitantes sobrevivientes luchan por reconstruir su hogar y defender sus territorios de la Horda y la Plaga.","A outrora poderosa cidade-estado mágica de Dalaran foi destruída pela Legião Ardente. Hoje, seus habitantes sobreviventes lutam para reconstruir seu lar e defender seus territórios da Horda e do Flagelo.",4128876
62,-1,0,0,0,0,0,0,0,0,0,0,0,0,0,0,0,0,0,Forlorn Spirit,,,Verlassener Geist,弃灵,Неприкаянный Дух,Espíritu Melancólico,Espírito Desamparado,8323198,,,,,,,,,4128876
63,-1,0,0,0,0,0,0,0,0,0,0,0,0,0,0,0,0,0,Darkhowl,,,Dunkelheuler,暗吼,Мрачный Вой,Aullido Oscuro,Uivonegro,8323198,,,,,,,,,4128876
64,-1,0,0,0,0,0,0,0,0,0,0,0,0,0,0,0,0,0,Grell,,,Grell,劣魔,Грелль,Grell,Capeta,8323198,,,,,,,,,4128876
65,-1,0,0,0,0,0,0,0,0,0,0,0,0,0,0,0,0,0,Furbolg,,,Furbolg,熊怪,Фурболг,Fúrbolg,Pelurso,8323198,,,,,,,,,4128876
66,-1,0,0,0,0,0,0,0,0,0,0,0,0,0,0,0,0,0,Horde Affiliates,,,Horde-Angehörige,部落友军,Филиалы Орды,Afiliados de la Horda,Afiliados da Horda,4128894,,,,"Einzelne Wesen, Gruppen und Siedlungen, die mit der Horde verbündet sind.",与部落有关的个人、团队和定居点。,"Отдельные лица, группы и поселения, связанные с Ордой.","Individuos, grupos y asentamientos afiliados a la Horda.","Indivíduos, grupos e assentamentos afiliados à Horda.",4128876
67,12,434,589,0,0,0,0,0,0,3500,-42000,0,0,17,2,0,0,0,Horde,,,Horde,部落,Орда,Horda,Horda,4128894,,,,,,,,,4128876
68,17,418,589,16,0,0,0,0,0,500,-42000,4000,0,17,2,17,0,67,Undercity,,,Unterstadt,幽暗城,Подгород,Enterracielo,Cidade Baixa,4128894,"Led by Sylvanas Windrunner, the Forsaken have joined a tenuous alliance with the Horde and established this capital in the vast depths under the Ruins of Lordaeron.",,,Unter der Führung von Sylvanas Windläuferin haben sich die Verlassenen in ein brüchiges Bündnis mit der Horde begeben und diese Hauptstadt in den Tiefen unter den Ruinen von Lordaeron errichtet.,希尔瓦娜斯·风行者领导下的被遗忘者与部落之间建立起了脆弱的同盟关系，并在洛丹伦废墟的地下深处建立起了这座城市。,"Возглавляемые Сильваной Ветрокрылой, Отрекшиеся вступили в непрочный союз с Ордой и основали эту столицу в бескрайних глубинах под руинами Лордерона.","Dirigidos por Sylvanas Brisaveloz, los Renegados han formado una frágil alianza con la Horda y han establecido esta capital en las vastas profundidades bajo las Ruinas de Lordaeron.","Liderados por Sylvanas Correventos, os Renegados formaram uma frágil aliança com a Horda e estabeleceram sua capital nas vastas profundezas sob as Ruínas de Lordaeron.",4128894
69,21,69,434,8,512,0,0,0,0,3100,-42000,4000,500,17,2,17,17,469,Darnassus,,,Darnassus,达纳苏斯,Дарнас,Darnassus,Darnassus,4128894,"The Alliance capital is populated by Night Elves and is located in the island of Teldrassil.  Ruled by the Priestess of the Moon, Tyrande Whisperwind.",,,Diese Hauptstadt der Allianz auf der Insel Teldrassil ist von Nachtelfen bewohnt und wird von der Mondpriesterin Tyrande Wisperwind regiert.,坐落在泰达希尔岛上的联盟城市，暗夜精灵的首都，由月之女祭司泰兰德·语风统治。,"Одна из столиц Альянса, расположенная на острове Тельдрассил и населенная Ночными Эльфами. Здесь правит Жрица Луны по имени Тиранда Шелест Ветра.","La capital de la Alianza está poblada por Elfos Nocturnos y se encuentra en la isla de Teldrassil. Gobernada por la Sacerdotisa de la Luna, Tyrande Susurravientos.","A capital da Aliança é habitada pelos Elfos Noturnos e está localizada na ilha de Teldrassil. Governada pela Sacerdotisa da Lua, Tyrande Murmuréolo.",4128894
70,6,1023,0,0,0,0,0,0,0,-10000,0,0,0,2,0,0,0,0,Syndicate,,,Syndikat,辛迪加,Синдикат,La Hermandad,Camarilha,8323198,A primarily human criminal organization that operates mostly out of the Alterac Mountains and Hillsbrad Foothills.,,,"Eine hauptsächlich aus Menschen bestehende Verbrecherorganisation, die vor allem in den Alteracbergen und den Vorgebirgen des Hügellands operiert.",一个主要由人类组成的犯罪组织，目前占据着奥特兰克山脉与希尔斯布莱德丘陵的部分地区。,"Преступное сообщество, организованное людьми. Действует почти на всей территории Альтеракских Гор и Предгорий Хилсбрада.",Una organización criminal principalmente humana que opera mayormente desde las Montañas de Alterac y las Laderas de Trabalomas.,Uma organização criminosa primariamente humana que opera principalmente nas Montanhas Alterac e no Contraforte de Eira dos Montes.,4128894
71,-1,0,0,0,0,0,0,0,0,0,0,0,0,0,0,0,0,0,Hillsbrad Militia,,,Hügelland Miliz,希尔斯布莱德民兵,Дружина Хилсбрада,Milicia de Trabalomas,Milícia de Eira dos Montes,8323198,,,,,,,,,4128876
72,19,588,434,1,0,0,0,0,0,3100,-42000,4000,0,17,2,17,0,469,Stormwind,,,Sturmwind,暴风城,Штормград,Ventormenta,Ventobravo,4128894,"One of the last bastions of human power, this Alliance capital is ruled by the child king, Anduin Wrynn.",,,Diese Hauptstadt der Allianz ist eine der letzten Bastionen menschlicher Macht und wird vom Kindkönig Anduin Wrynn regiert.,这座人类势力的最后堡垒之一目前由年幼的国王安度因·乌瑞恩统治着。,"Столица Альянса, один из последних оплотов могущества человеческой расы. Правит Штормградом молодой, но мудрый король Андуин Ринн.","Uno de los últimos bastiones del poder humano, esta capital de la Alianza está gobernada por el rey niño, Anduin Wrynn.","Um dos últimos bastiões do poder humano, esta capital da Aliança é governada pelo rei jovem, Anduin Wrynn.",4128894
73,-1,1023,0,0,0,0,0,0,0,-42000,0,0,0,0,0,0,0,0,Demon,,,Dämon,恶魔,Демон,Demonio,Demônio,8323198,Demon,,,Dämon,恶魔,Демон,Demonio,Demônio,4128876
74,-1,1023,0,0,0,0,0,0,0,-42000,0,0,0,0,0,0,0,0,Elemental,,,Elementar,元素生物,Элементаль,Elemental,Elemental,8323198,,,,,,,,,4128876
75,-1,0,0,0,0,0,0,0,0,0,0,0,0,0,0,0,0,0,Spirit,,,Geist,灵魂,Дух,Espíritu,Espírito,8323198,,,,,,,,,4128876
76,14,416,589,2,16,0,0,0,0,3100,-42000,4000,500,17,2,17,17,67,Orgrimmar,,,Orgrimmar,奥格瑞玛,Оргриммар,Orgrimmar,Orgrimmar,4128894,"Founded by Thrall, this Horde capital city is home to many of the proud orc clans of Durotar.",,,Diese von Thrall gegründete Hauptstadt der Horde ist die Heimat vieler stolzer Orcclans von Durotar.,这座由萨尔建立的部落城市是许多兽人氏族的家园。,"Эта столица Орды, основанная Траллом, служит домом для множества орочьих кланов Дуротара.","Fundada por Thrall, esta ciudad capital de la Horda es hogar de muchos de los orgullosos clanes orcos de Durotar.","Fundada por Thrall, esta cidade capital da Horda é lar de muitos dos orgulhosos clãs orcs de Durotar.",4128894
77,-1,0,0,0,0,0,0,0,0,0,0,0,0,0,0,0,0,0,Treasure,,,Schatz,宝物,Сокровище,Tesoro,Tesouro,8323198,,,,,,,,,4128876
78,-1,0,0,0,0,0,0,0,0,0,0,0,0,0,0,0,0,0,Gnoll - Mudsnout,,,Gnoll - Schlammflosse,泥嘴豺狼人,Гнолл: Грязнорылы,Gnoll: Morrobarro,Gnoll - Fuçalama,4128894,,,,,,,,,4128876
79,-1,0,0,0,0,0,0,0,0,0,0,0,0,0,0,0,0,0,"HIllsbrad, Southshore Mayor",,,Hügelland - Bürgermeister von Süderstade,希尔斯布莱德，南海镇,"Хилсбрад, Мэр Южнобережья","Trabalomas, Alcalde de Costasur","Eira dos Montes, Prefeito de Costa Sul",8323198,,,,,,,,,4128876
80,-1,1023,0,0,0,0,0,0,0,-42000,0,0,0,0,0,0,0,0,Brood of Deathwing,,,Brut von Todesschwinge,黑龙,Племя Смертокрыла,Linaje de Alamuerte,Prole de Deathwing,4128894,"The children of what was once Neltharion, the Earth Warder. The Black Dragonflight only seeks to consume and corrupt the world while serving their insane dark master.",,,"Die Nachkommen des einstigen Erdenwächters Neltharion. Der Schwarze Drachenschwarm strebt danach, die Welt zu verderben und zu verschlingen – im Dienste seines wahnsinnigen dunklen Meisters.",曾经的大地守护者奈萨里奥的子嗣。如今，黑龙军团一心只想吞噬和腐化世界，侍奉他们疯狂的黑暗主人。,"Потомки того, кем некогда был Нелтарион, Хранитель Земли. Черная драконья стая стремится лишь к тому, чтобы поглотить и развратить мир, служа своему безумному тёмному повелителю.","Los hijos de lo que una vez fue Neltharion, el Guardián de la Tierra. El Vuelo de Dragones Negros solo busca consumir y corromper el mundo mientras sirven a su loco maestro oscuro.","Os filhos do que foi Neltharion, o Guardião da Terra. A Revoada dos Dragões Negros busca apenas consumir e corromper o mundo enquanto serve ao seu insano mestre sombrio.",4128876
81,16,386,589,16,32,0,0,0,0,3100,-42000,500,4000,17,2,17,17,67,Thunder Bluff,,,Donnerfels,雷霆崖,Громовой Утес,Cima del Trueno,Penhasco do Trovão,4128894,"Cairne Bloodhoof leads his people, the Proud Tauren, from this mighty Horde capital.",,,"Cairne Bluthuf führt sein stolzes Volk, die Tauren, von dieser mächtigen Hauptstadt der Horde aus.",凯恩·血蹄及其领导下的牛头人的家园，壮丽而伟大的部落城市。,В этой столице Орды правит могучий Таурен Бейн Кровавое Копыто.,"Cairne Pezuña de Sangre lidera a su pueblo, los Orgullosos Tauren, desde esta poderosa capital de la Horda.","Cairne Casco Sangrento lidera seu povo, os orgulhosos Tauren, a partir desta poderosa capital da Horda.",4128894
82,-1,0,0,0,0,0,0,0,0,0,0,0,0,0,0,0,0,0,"Troll, Witherbark",,,Troll - Bleichborke,枯木巨魔,Тролль: Сухокожие,"Trol, Secacorteza","Troll, Cascasseca",8323198,,,,,,,,,4128876
83,-1,1023,0,0,0,0,0,0,0,2999,0,0,0,4,0,0,0,0, Leatherworking - Elemental,,,Lederverarbeitung - Elementar,制皮 - 元素,Кожевничество: Сила Стихий,Peletería - Elemental,Couraria - Elemental,4128894,,,,,,,,,4128876
84,-1,0,0,0,0,0,0,0,0,0,0,0,0,0,0,0,0,0,"Quilboar, Razormane",,,Quillboar - Stachelkämme,钢鬃野猪人,Свинобраз: Иглогривые,"Jabaespín, Crines de Acero","Javatusco, Crinavalha",4128894,,,,,,,,,4128876
85,-1,0,0,0,0,0,0,0,0,0,0,0,0,0,0,0,0,0,"Quilboar, Bristleback",,,Quillboar - Borstenrücken,刺背野猪人,Свинобраз: Дыбогривы,"Jabaespín, Erizapúas","Javatusco, Costagulha",8323198,,,,,,,,,4128876
86,-1,1023,0,0,0,0,0,0,0,2999,0,0,0,4,0,0,0,0, Leatherworking - Dragonscale,,,Lederverarbeitung - Drachenschuppen,制皮 - 龙鳞,Кожевничество: Чешуя Дракона,Peletería - Escama de Dragón,Couraria - Escama de Dragão,4128894,,,,,,,,,4128876
87,0,1023,0,0,0,0,0,0,0,-6500,0,0,0,2,0,0,0,0,Bloodsail Buccaneers,,,Blutsegelbukaniere,血帆海盗,Пираты Кровавого Паруса,Bucaneros Velasangre,Bucaneiros da Vela Sangrenta,8323198,These bloodthirsty corsairs are the bane of many a merchant in the high seas.  Sworn enemies of Booty Bay.,,,Diese blutrünstigen Korsaren sind der Fluch vieler Händler auf hoher See. Sie sind erklärte Feinde von Beutebucht.,一群嗜血的海盗，许多公海商人的灾祸。藏宝海湾的死敌。,"Кровожадные пираты, известные всем капитанам торговых кораблей. Заклятые враги жителей Пиратской Бухты.",Estos corsarios sedientos de sangre son la perdición de muchos mercaderes en los mares del sur. Enemigos jurados de Bahía del Botín.,Esses corsários sedentos de sangue são o flagelo de muitos mercadores nos mares altos. Inimigos sworn de Angra do Butim.,4128894
88,-1,0,0,0,0,0,0,0,0,0,0,0,0,0,0,0,0,0,Blackfathom,,,Blackfathom,黑暗深渊,Непроглядная Пучина,Brazanegra,Profundezas Negras,8323198,,,,,,,,,4128876
89,-1,1023,0,0,0,0,0,0,0,-42000,0,0,0,0,0,0,0,0,Makrura,,,Makrura,龙虾人,Макрура,Makrura,Makrura,8323198,,,,,,,,,4128876
90,-1,589,434,0,0,0,0,0,0,-6500,-42000,0,0,0,0,0,0,0,Kolkar Clan Centaur,,,Zentauren des Kolkar-Klans,科卡尔半人马,Кентавр: Колкар,Clan Centauro Kolkar,Clã dos Centauros Kolkar,4128894,,,,,,,,,4128876
91,-1,1023,0,0,0,0,0,0,0,-6500,0,0,0,0,0,0,0,0,Galak Clan Centaur,,,Zentauren des Galak-Klans,加拉克半人马,Кентавр: Галак,Clan Centauro Galak,Clã dos Centauros Galak,4128894,,,,,,,,,4128876
92,2,1023,0,0,0,0,0,0,0,2000,0,0,0,2,0,0,0,0,Gelkis Clan Centaur,,,Zentauren des Gelkis Klans,吉尔吉斯半人马,Кентавры из Племени Гелкис,Centauros del Clan Gelkis,Clã dos Centauros Gelkis,4128894,These centaur have made their home in the southern region of Desolace.  Mortal enemies of the Magram Centaur.,,,Diese Zentauren haben sich im südlichen Teil von Desolace niedergelassen. Sie sind Todfeinde der Magram Zentauren.,一群居住在凄凉之地南方的半人马，玛格拉姆半人马的仇敌。,Это племя кентавров обосновалось в южной части Пустошей. Заклятые враги племени Маграм.,Estos centauros han hecho su hogar en la región sur de Desolace. Enemigos mortales de los Centauros Magram.,Esses centauros fizeram sua casa na região sul de Desolação. Inimigos mortais dos Centauros Magram.,4128894
93,3,1023,0,0,0,0,0,0,0,2000,0,0,0,2,0,0,0,0,Magram Clan Centaur,,,Zentauren des Magram Klans,玛格拉姆半人马,Кентавры из Племени Маграм,Centauros del Clan Magram,Clã dos Centauros Magram,4128894,These centaur have made their home in the eastern region of Desolace.  Mortal enemies of the Gelkis Centaur.,,,Diese Zentauren haben sich im östlichen Teil von Desolace niedergelassen. Sie sind Todfeinde der Gelkis Zentauren.,一群居住在凄凉之地东部的半人马，吉尔吉斯半人马的仇敌。,Это племя кентавров обосновалось в восточной части Пустошей. Заклятые враги племени Гелкис.,Estos centauros han hecho su hogar en la región este de Desolace. Enemigos mortales de los Centauros Gelkis.,Esses centauros fizeram sua casa na região oriental de Desolação. Inimigos mortais dos Centauros Gelkis.,4128894
94,-1,1023,0,0,0,0,0,0,0,-42000,0,0,0,0,0,0,0,0,Maraudine Clan Centaur,,,Zentauren des Maraudinen-Klans,玛洛迪半人马,Кентавр: Мародин,Clan Centauro Maraudine,Clã dos Centauros Maraudine,8323198,,,,,,,,,4128876
108,56,589,434,0,0,0,0,0,0,3300,-8500,0,0,16,2,0,0,0,Theramore,,,Theramore,塞拉摩,Терамор,Theramore,Theramore,4128894,"Theramore Isle was settled by Jaina Proudmoore and the refugees who fled from Lordaeron and its neighboring kingdoms. Following the Battle at Mount Hyjal, Theramore has maintained cordial ties with the Horde and sought peace. ",,,"Die Insel Theramore wurde von Jaina Prachtmeer und Flüchtlingen gegründet, die aus Lordaeron und den umliegenden Königreichen flohen. Nach der Schlacht am Hyjal pflegt Theramore freundschaftliche Beziehungen zur Horde und strebt nach Frieden.",塞拉摩岛是由吉安娜·普罗德摩尔和那些逃离洛丹伦及其周边王国的难民所建立的。在海加尔山之战后，塞拉摩一直与部落保持友好关系并寻求和平。,"Остров Терамор был основан Джайной Праудмур и беженцами, спасшимися из Лордерона и соседних королевств. После битвы на горе Хиджал Терамор поддерживает дружественные отношения с Ордой и стремится к миру.","La Isla de Theramore fue fundada por Jaina Valiente y los refugiados que huyeron de Lordaeron y sus reinos vecinos. Tras la Batalla en la Montaña Hyjal, Theramore ha mantenido lazos cordiales con la Horda y ha buscado la paz.","A Ilha de Theramore foi estabelecida por Jaina Proudmoore e os refugiados que fugiram de Lordaeron e dos reinos vizinhos. Após a Batalha no Monte Hyjal, Theramore manteve laços cordiais com a Horda e buscou a paz.",4128876
109,-1,0,0,0,0,0,0,0,0,0,0,0,0,0,0,0,0,0,"Quilboar, Razorfen",,,Quillboar - Klingenmähnen,剃刀沼泽野猪人,Свинобраз: Иглошкуры,"Jabaespín, Rajacieno","Javatusco, Cortacharco",8323198,,,,,,,,,4128876
110,-1,0,0,0,0,0,0,0,0,0,0,0,0,0,0,0,0,0,"Quilboar, Razormane 2",,,Quillboar - Stachelkämme 2,钢鬃野猪人,Свинобраз: Иглогривые,"Jabaespín, Crines de Acero 2","Javatusco, Crinavalha 2",4128894,,,,,,,,,4128876
111,-1,0,0,0,0,0,0,0,0,0,0,0,0,0,0,0,0,0,"Quilboar, Deathshead",,,Quillboar - Todeskopf,亡首野猪人,Свинобраз: Мертвая Голова,Cabeza de Muerte,"Javatusco, Pontafatal",8323198,,,,,,,,,4128876
128,-1,0,0,0,0,0,0,0,0,0,0,0,0,0,0,0,0,0,Enemy,,,Feind,敌人,Противник,Enemigo,Inimigo,8323198,,,,,,,,,4128876
148,-1,0,0,0,0,0,0,0,0,0,0,0,0,0,0,0,0,0,Ambient,,,Umgebung,小动物,Фауна,Ambiente,Ambiente,8323198,,,,,,,,,4128876
168,-1,0,0,0,0,0,0,0,0,0,0,0,0,0,0,0,0,0,Nethergarde Caravan,,,Karawane von Nethergarde,守望堡商队,Караван Стражей Пустоты,Caravana de Etergarde,Caravana de Etergarde,8323198,,,,,,,,,4128876
169,10,767,256,0,0,0,0,0,0,500,3500,0,0,8,0,0,0,0,Steamwheedle Cartel,,,Dampfdruckkartell,热砂财团,Картель Хитрой Шестеренки,Cártel Bonvapor,Cartel Bondebico,4128894,,,,,,,,,4128876
189,-1,0,0,0,0,0,0,0,0,0,0,0,0,0,0,0,0,0,Alliance Affiliates,,,Allianz-Angehörige,联盟,Филиалы Альянса,Afiliados de la Alianza,Afiliados à Aliança,8323198,,,,"Einzelne Wesen, Gruppen und Siedlungen, die mit der Allianz verbündet sind.",与联盟有关的个人、团队和定居点。,"Отдельные лица, группы и поселения, связанные с Альянсом.","Individuos, grupos y asentamientos afiliados a la Alianza.","Indivíduos, grupos e assentamentos afiliados à Aliança.",4128876
209,-1,0,0,0,0,0,0,0,0,0,0,0,0,0,0,0,0,0,Nethergarde,,,Nethergarde,守望堡,Крепость Стражей Пустоты,Etergarde,Etergarde,8323198,,,,,,,,,4128876
229,-1,0,0,0,0,0,0,0,0,0,0,0,0,0,0,0,0,0,Wailing Caverns,,,Höhlen des Wehklagens,哀嚎洞穴,Пещеры Стенаний,Cuevas de los Lamentos,Caverna Ululante,8323198,,,,,,,,,4128876
249,-1,0,0,0,0,0,0,0,0,0,0,0,0,0,0,0,0,0,Silithid,,,Silithiden,异种蝎,Силитиды,Silítidos,Silitídeo,4128894,,,,,,,,,4128876
269,57,77,434,512,0,0,0,0,0,2500,-42000,5500,0,17,2,17,0,469,Silvermoon Remnant,,,Überreste von Silbermond,银月幸存者,Дети Луносвета,Lunargenta Despogiz,Remanescentes de Luaprata,4128894,The remaining high elves are reeling from the loss of their homeland and the Sunwell. They have rallied behind the Alliance as their people struggle to survive.,,,Die verbliebenen Hochelfen ringen mit dem Verlust ihrer Heimat und des Sonnenbrunnens. In ihrer Not haben sie sich der Allianz angeschlossen.,这些残存的高等精灵，仍在失去家园与太阳井的痛楚中挣扎。如今，他们集结于联盟麾下，只为求得族群的存续。,"Оставшиеся высшие эльфы переживают потерю своей родины и Солнечного Колодца. Они объединились вокруг Альянса, в то время как их народ борется за выживание.",Los altos elfos restantes se recuperan de la pérdida de su hogar y el Solsticio. Se han alineado con la Alianza mientras su pueblo lucha por sobrevivir.,Os altos elfos remanescentes estão se recuperando da perda de sua terra natal e do Poço do Sol. Eles se uniram à Aliança enquanto seu povo luta para sobreviver.,4128876
270,51,1023,0,0,0,0,0,0,0,0,0,0,0,16,0,0,0,0,Zandalar Tribe,,,Stamm der Zandalar,赞达拉部族,Племя Зандалари,Tribu Zandalar,Tribo Zandalar,4128894,These trolls have come to Yojamba Isle in an effort to recruit help against the resurrected Blood God and his Atal'ai Priests in Zul'Gurub.,,,"Diese Trolle sind zur Insel Yojamba gereist, um Unterstützung gegen den wiedererweckten Bluttitan und seine Atal'ai-Priester in Zul'Gurub zu gewinnen.",这些巨魔远渡至尤亚姆巴岛，只为寻求援手对抗祖尔格拉布中复苏的血神哈卡及其阿塔莱祭司们。,Эти тролли прибыли на остров Йоджамба в поисках помощи для борьбы с воскресшим Кровавым Богом и его Жрецами-Атал'аями в Зул'Гурубе.,Estos trolls han llegado a la Isla Yojamba en un esfuerzo por reclutar ayuda contra el resucitado Dios de Sangre y sus sacerdotes Atal'ai en Zul'Gurub.,Esses trolls chegaram à Ilha Yojamba em uma tentativa de recrutar ajuda contra o Deus Sangrento ressuscitado e seus Sacerdotes Atal'ai em Zul'Gurub.,4128894
289,-1,1023,0,0,0,0,0,0,0,0,0,0,0,4,0,0,0,0, Blacksmithing - Weaponsmithing,,,Schmiedekunst - Waffenschmiedekunst,锻造- 武器锻造,Кузнечное дело: Ковка Оружия,Herrería - Forjador de Armas,Ferraria - Ferreiro de Armas,4128894,,,,,,,,,4128876
309,-1,0,0,0,0,0,0,0,0,0,0,0,0,0,0,0,0,0,Scorpid,,,Skorpid,蝎子,Скорпид,Escórpido,Escorpídeo,4128894,,,,,,,,,4128876
310,-1,0,0,0,0,0,0,0,0,0,0,0,0,0,0,0,0,0,Beast - Bat,,,Wildtier - Fledermaus,野兽 - 蝙蝠,Животное: Летучая Мышь,Bestia: Murciélago,Fera - Morcego,4128894,,,,,,,,,4128876
311,-1,0,0,0,0,0,0,0,0,0,0,0,0,0,0,0,0,0,Titan,,,Titan,泰坦,Титан,Titán,Titã,4128894,,,,,,,,,4128876
329,-1,0,0,0,0,0,0,0,0,0,0,0,0,0,0,0,0,0,Taskmaster Fizzule,,,Taskmaster Fizzule,工头费苏勒,Надсмотрщик Физзул,Capataz Fizzule,Capataz Arruela,4128894,,,,,,,,,4128876
349,5,1023,0,0,0,0,0,0,0,0,0,0,0,0,0,0,0,0,Ravenholdt,,,Rabenholdt,拉文霍德,Черный Ворон,Ravenholdt,Corvoforte,4128894,This guild of thieves and assassins welcomes only those of extraordinary prowess into its fold.  Sworn rivals of the Syndicate.,,,Diese Diebes- und Assassinen-Gilde nimmt nur außergewöhnlich fähige Mitglieder in ihre Reihen auf. Erbitterte Rivalen des Syndikats.,这个由盗贼与刺客组成的行会只欢迎那些有着出色实力的人进入他们的领地。他们也是辛迪加的死敌。,В эту гильдию воров и убийц принимают только настоящих мастеров своего дела. Заклятые враги Синдиката.,Este gremio de ladrones y asesinos solo acoge a aquellos de extraordinarias habilidades. Rivales jurados del Sindicato.,Esta guilda de ladrões e assassinos aceita apenas aqueles de habilidades extraordinárias em suas fileiras. Inimigos jurados da Camarilha.,4128894
369,7,767,256,0,0,0,0,0,0,500,3500,0,0,0,0,0,0,169,Gadgetzan,,,Gadgetzan,加基森,Прибамбасск,Gadgetzan,Geringontzan,4128894,"Capital of the Steamwheedle Cartel and home to goblinhood's finest engineers, alchemists and merchants.",,,"Die Hauptstadt des Dampfdüsenkartells und Heimat der besten Ingenieure, Alchemisten und Händler der Goblins.",热砂集团的首府，诸多优秀地精技师、炼金师和商人的家乡。,"Столица картеля Хитрой Шестеренки, населенная лучшими инженерами, алхимиками и торговцами народа гоблинов.","Capital del Cártel Bonvapor y hogar de los mejores ingenieros, alquimistas y comerciantes de los goblins.","Capital do Cartel Bondebico e lar dos melhores engenheiros, alquimistas e mercadores goblins.",4128894
389,-1,0,0,0,0,0,0,0,0,0,0,0,0,0,0,0,0,0,Gnomeregan Bug,,,Käfer von Gnomeregan,诺莫瑞根虫子,Гномреганский Жук,Bicho de Gnomeregan,Inseto de Gnomeregan,4128894,,,,,,,,,4128876
409,-1,0,0,0,0,0,0,0,0,0,0,0,0,0,0,0,0,0,Harpy,,,Harpyie,鹰身人,Гарпия,Arpía,Harpia,4128894,,,,,,,,,4128876
429,-1,0,0,0,0,0,0,0,0,0,0,0,0,0,0,0,0,0,Burning Blade,,,Brennende Klinge,火刃氏族,Пылающий Клинок,Filo Ardiente,Lâmina Ardente,4128894,,,,,,,,,4128876
449,-1,0,0,0,0,0,0,0,0,0,0,0,0,0,0,0,0,0,Shadowsilk Poacher,,,Schattenseiden-Wilderer,暗影蛛丝偷猎者,Браконьер Тенешелка,Furtivo Sedaumbría,Larápio de Sedanera,4128894,,,,,,,,,4128876
450,-1,0,0,0,0,0,0,0,0,0,0,0,0,0,0,0,0,0,Searing Spider,,,Sengende Spinne,灼热蜘蛛,Лавовый Паук,Araña Abrasadora,Aranha Ardente,4128894,,,,,,,,,4128876
469,11,589,434,0,0,0,0,0,0,3300,-42000,0,0,9,14,0,0,0,Alliance,,,Allianz,联盟,Альянс,Alianza,Aliança,4128894,,,,,,,,,4128876
470,9,767,256,0,0,0,0,0,0,500,3500,0,0,0,0,0,0,169,Ratchet,,,Ratchet,棘齿城,Кабестан,Trinquete,Vila Catraca,4128894,"Part of the Steamwheedle Cartel, this goblin city provides a neutral haven for those that wish to trade goods and services in the Barrens.",,,Als Teil des Dampfdüsenkartells bietet diese Goblinstadt in Brachland eine neutrale Zuflucht für den freien Handel.,热砂财团的成员，这座地精城市给许多希望在贫瘠之地做生意的人提供了一个开放和中立的天堂。,Этот гоблинский город входит в картель Хитрой Шестеренки и уже много лет предоставляет убежище торговцам Степей.,"Parte del Cártel Bonvapor, está ciudad goblin ofrece un refugio neutral para aquellos que deseen comerciar bienes y servicios en Los Baldíos.","Parte do Cartel Bondebico, esta cidade goblin oferece um refúgio neutro para aqueles que desejam negociar bens e serviços nas Estepes.",4128894
471,8,585,434,4,0,0,0,0,0,150,-42000,500,0,16,2,0,0,0,Wildhammer Clan,,,Wildhammer-Klan,蛮锤部族,Клан Громового Молота,Clan Martillo Salvaje,Clã Martelo Feroz,4128894,"Though not a part of the Alliance, the dwarves of Aerie Peak have opened their doors to it and hold the Horde as enemies.",,,"Obwohl sie nicht zur Allianz gehören, haben die Zwerge von Nistgipfel ihre Tore geöffnet und sehen die Horde als Feind.",尽管并非是联盟的一份子，但鹰巢山的矮人还是将联盟视为他们的朋友，并与部落保持着交战关系。,"Хотя дворфы Заоблачного Пика и не являются частью Альянса, они открыли ему свои двери и относятся к Орде как к врагам.","Aunque no son parte de la Alianza, los enanos de Pico Nidal han abierto sus puertas a ella y consideran a la Horda como enemigos.","Embora não faça parte da Aliança, os anões de Ninho da Águia abriram suas portas para ela e consideram a Horda como inimiga.",4128894
489,-1,0,0,0,0,0,0,0,0,0,0,0,0,0,0,0,0,0,"Goblin, Dark Iron Bar Patron",,,Goblin - Dunkeleisenzwerg-Kneipengast,黑铁酒吧地精老板,Гоблин: Завсегдатай Бара Черного Железа,"Goblin, Dueño de Bar Hierro Negro","Goblin, Cliente do Bar Ferro Negro",4128894,,,,,,,,,4128876
509,53,589,434,0,0,0,0,0,0,0,-42000,0,0,16,2,0,0,891,The League of Arathor,,,Die Liga von Arathor,阿拉索联军,Лига Аратора,Liga de Arathor,A Liga de Arathor,4128894,The League of Arathor seeks to reclaim lost land of Arathi Basin for their benefactors in Stormwind.,,,Der Bund von Arathor will das verlorene Land des Arathibeckens im Namen seiner Gönner in Sturmwind zurückerobern.,阿拉索联军正试图为暴风城的恩人们夺回阿拉希盆地。,Лига Аратора стремится вернуть утраченные земли Бассейна Арати своим благодетелям в Штормграде.,La Liga de Arathor busca reclamar tierras perdidas en la Cuenca de Arathi para sus benefactores en Ventormenta.,A Liga de Arathor busca recuperar as terras perdidas da Bacia de Arathi para seus benfeitores em Ventobravo.,4128894
510,52,434,589,0,0,0,0,0,0,0,-42000,0,0,16,2,0,0,892,The Defilers,,,Die Entweihten,污染者,Осквернители,Los Rapiñadores,Os Profanadores,4128894,The Defilers seek to claim Arathi Basin's valuable resources for the Horde.,,,Die Entweihten wollen die wertvollen Ressourcen des Arathibeckens für die Horde sichern.,污染者试图为部落夺取阿拉希盆地的重要资源。,Осквернители стремятся завладеть ценными ресурсами Бассейна Арати для Орды.,Los Profanadores buscan reclamar los valiosos recursos de la Cuenca de Arathi para la Horda.,Os Profanadores buscam reivindicar os valiosos recursos da Bacia de Arathi para a Horda.,4128894
511,-1,0,0,0,0,0,0,0,0,0,0,0,0,0,0,0,0,0,Giant,,,Riese,巨人,Великан,Gigante,Gigante,4128894,,,,,,,,,4128876
529,13,1023,0,0,0,0,0,0,0,200,0,0,0,0,0,0,0,0,Argent Dawn,,,Argentumdämmerung,银色黎明,Серебряный Рассвет,El Alba Argenta,Aurora Argêntea,4128894,An organization focused on protecting Azeroth from the threat of the Scourge.  Strongholds of the Argent Dawn can be found in the Eastern and Western Plaguelands.,,,"Eine Organisation, die sich dem Schutz Azeroths vor der Geißel verschrieben hat. Stützpunkte der Argentumdämmerung finden sich in den östlichen und westlichen Pestländern.",一个致力于从亡灵天灾军团的威胁下拯救艾泽拉斯世界的组织。银色黎明的据点遍布东西瘟疫之地。,"Организация, созданная для защиты Азерота от Плети. Крепости Серебряного Рассвета можно найти в Западных и Восточных Чумных Землях.",Una organización centrada en proteger Azeroth de la amenaza de la Plaga. Los bastiones del Alba Argenta se encuentran en las Tierras de la Plaga del Este y Oeste.,Uma organização focada em proteger Azeroth da ameaça do Flagelo. Fortalezas da Aurora Argêntea podem ser encontradas nas Terras Pestilentas Orientais e Ocidentais.,4128894
530,15,290,589,16,128,0,0,0,0,3100,-42000,500,4000,17,2,17,17,67,Darkspear Trolls,,,Dunkelspeertrolle,暗矛巨魔,Племя Черного Копья,Trols Lanza Negra,Trolls Lançanegra,4128894,"This tribe of exiled trolls has joined forces with Thrall and the Horde.  They now call Durotar their home, which they share with their orc allies.",,,"Dieser Stamm verstoßener Trolle hat sich mit Thrall und der Horde verbündet. Heute nennen sie Durotar ihre Heimat, die sie mit ihren orkischen Verbündeten teilen.",一群被放逐的巨魔，加入了萨尔领导下的部落。他们现在将杜隆塔尔当作自己的新家，并与兽人盟友们一起生活在那里。,"Тролли-изгнанники, примкнувшие к Траллу и вставшие на сторону Орды. Сейчас они считают своим домом Дуротар.","Esta tribu de trols exiliados se ha aliado con Thrall y la Horda. Ahora llaman Durotar su hogar, el cual comparten con sus aliados orcos.","Esta tribo de trolls exilados uniu-se a Thrall e à Horda. Agora chamam Durotar de lar, que compartilham com seus aliados orcs.",4128894
531,-1,0,0,0,0,0,0,0,0,0,0,0,0,0,0,0,0,0,"Dragonflight, Bronze",,,Drachenschwarm - Bronze,青铜龙军团,Бронзовые Драконы,"Vuelo de Dragones, Bronce","Revoada de Dragões, Bronze",4128894,,,,,,,,,4128876
532,-1,1023,0,0,0,0,0,0,0,-6500,0,0,0,0,0,0,0,0,Garbage,,,Müll,垃圾,Мусор,Basura,Lixo,4128894,Shit,,,Gerümpel,烂透了,Мусор,Mierda,Merda,4128876
549,-1,1023,0,0,0,0,0,0,0,2999,0,0,0,4,0,0,0,0, Leatherworking - Tribal,,,Lederverarbeitung - Stammeslederverarbeitung,制皮 - 部落,Кожевничество: Традиции Предков,Peletería - Tribal,Couraria  - Tribal,4128894,,,,,,,,,4128876
550,-1,1023,0,0,0,0,0,0,0,2999,0,0,0,4,0,0,0,0, Engineering - Goblin,,,Ingenieurskunst - Gobliningenieur,工程学 - 地精,Инженерное Дело: Школа Гоблинов,Ingeniería: Goblin,Engenharia - Goblínica,4128894,,,,,,,,,4128876
551,-1,1023,0,0,0,0,0,0,0,2999,0,0,0,4,0,0,0,0, Engineering - Gnome,,,Ingenieurskunst - Gnomingenieur,工程学 - 侏儒,Инженерное Дело: Школа Гномов,Ingeniería: Gnómica,Engenharia - Gnômica,4128894,,,,,,,,,4128876
569,-1,1023,0,0,0,0,0,0,0,0,0,0,0,4,0,0,0,0, Blacksmithing - Hammersmithing,,,Schmiedekunst - Hammerschmiedekunst,锻造- 锤类锻造,Кузнечное Дело: Ковка Молотов,Herrería - Forjador de Martillos,Ferraria - Ferreiro de Martelos,4128894,,,,,,,,,4128876
570,-1,1023,0,0,0,0,0,0,0,0,0,0,0,4,0,0,0,0, Blacksmithing - Axesmithing,,,Schmiedekunst - Axtschmiedekunst,锻造- 斧类锻造,Кузнечное Дело: Ковка Топоров,Herrería - Forjador de Hachas,Ferraria - Ferreiro de Machados,4128894,,,,,,,,,4128876
571,-1,1023,0,0,0,0,0,0,0,0,0,0,0,4,0,0,0,0, Blacksmithing - Swordsmithing,,,Schmiedekunst - Schwertschmiedekunst,锻造- 剑类锻造,Кузнечное Дело: Ковка Мечей,Herrería - Forjador de Espadas,Ferraria - Forjaria de Espadas,4128894,,,,,,,,,4128876
572,-1,0,0,0,0,0,0,0,0,0,0,0,0,0,0,0,0,0,"Troll, Vilebranch",,,Troll - Böszweig,邪枝巨魔,Тролль: Порочная Ветвь,"Trol, Vilrama","Troll, Ramatorpe",4128894,,,,,,,,,4128876
573,-1,0,0,0,0,0,0,0,0,0,0,0,0,0,0,0,0,0,Southsea Freebooters,,,Südmeer-Freibeuter,南海海盗,Флибустьеры Южных Морей,Filibusteros de los Mares del Sur,Os Flibusteiros dos Mares do Sul,4128894,,,,,,,,,4128876
574,-1,1023,0,0,0,0,0,0,0,0,0,0,0,4,0,0,0,0,Caer Darrow,,,Caer Darrow,凯尔达隆,Каэр Дарроу,Castel Darrow,Caer Darrow,4128894,,,,,,,,,4128876
575,-1,0,0,0,0,0,0,0,0,0,0,0,0,0,0,0,0,0,"Furbolg, Uncorrupted",,,Furbolg - Unkorrumpiert,未堕落的熊怪,"Фурболг, Неиспорченный","Fúrbolg, Incorrupto","Pelurso, Não Corrompido",4128894,,,,,,,,,4128876
576,35,1023,0,0,0,0,0,0,0,-3500,0,0,0,2,0,0,0,0,Timbermaw Hold,,,Holzschlundfeste,木喉要塞,Древобрюхи,Bastión Fauces de Madera,Domínio dos Presamatos,4128894,"As the last uncorrupted furbolg tribe, the Timbermaw seek to preserve their spiritual ways and end the suffering of their brethren.",,,Als letzter unverdorbener Stamm der Furbolgs bemühen sich die Holzschlund um den Erhalt ihrer spirituellen Lebensweise und das Ende des Leidens ihrer Brüder.,作为最后一支尚未堕落的熊怪部族，木喉部族正致力于保留他们那种独特的精神修行之道，并试图终结其他熊怪部族的痛苦。,"Древобрюхи – единственное племя фурболгов, сумевшее избежать Порчи. Представители этого племени хранят традиции своего народа и стремятся прекратить мучения своих братьев.","Como la última tribu fúrbolg no corrompida, Los Faucedraco buscan preservar sus costumbres espirituales y acabar con el sufrimiento de sus hermanos.","Como a última tribo de furbolgs não corrompidos, os Presamatos buscam preservar suas tradições espirituais e acabar com o sofrimento de seus irmãos.",4128894
577,28,1023,0,0,0,0,0,0,0,500,0,0,0,0,0,0,0,169,Everlook,,,Ewige Warte,永望镇,Круговзор,Vista Eterna,Visteterna,4128894,This trading post is run by the goblins of the Steamwheedle Cartel and it sits in the crossroads of Winterspring's main trade routes.,,,Dieser Handelsposten wird von Goblins des Dampfdüsenkartells betrieben und liegt an den wichtigsten Handelswegen von Winterquell.,热砂财团经营之下的一座贸易城市，坐落于冬泉谷的两条主要干道的交叉处。,"Торговый пост Картеля Хитрой Шестеренки, расположенный на перекрестке основных торговых путей Зимних Ключей.",Este puesto de comercio es administrado por los goblins del Cártel Bonvapor y se encuentra en el cruce de las principales rutas comerciales de Cuna del Invierno.,Este posto de comércio é administrado pelos goblins do Cartel Bondebico e está situado no cruzamento das principais rotas comerciais de Hibérnia.,4128894
589,27,434,589,0,0,0,0,0,0,-42000,0,0,0,0,0,0,0,0,Wintersaber Trainers,,,Wintersäbler-Ausbilder,冬刃豹训练师,Укротители Ледопардов,Instructores de Sableinvernales,Treinadores de Sabres-do-inverno,4128894,This small group of reclusive night elves raises and trains wintersabers in the Winterspring area.,,,"Diese kleine, zurückgezogen lebende Gruppe von Nachtelfen züchtet und trainiert Wintersäbler im Gebiet von Winterquell.",这是一些专门在冬泉谷地区驯养冬泉霜刃豹的暗夜精灵。,"Малочисленное и замкнутое сообщество ночных эльфов, занимающихся разведением и дрессировкой ледопардов в Зимних Ключах.",Este pequeño grupo de elfos nocturnos recluidos crece y entrena sableinvernales en el área de Cuna del Invierno.,Este pequeno grupo de elfos noturnos reclusos cria e treina sabres de inverno na região de Hibérnia.,4128894
609,36,1023,40,0,0,479,1024,0,0,0,2000,0,0,0,0,0,0,0,Cenarion Circle,,,Zirkel des Cenarius,塞纳里奥议会,Круг Кенария,Círculo Cenarion,Círculo Cenariano,4128894,The druids of Cenarion Circle are guardians of nature and make their home in tranquil Moonglade.,,,Die Druiden des Zirkels des Cenarius sind Hüter der Natur und haben ihre Heimat im friedvollen Mondhain.,塞纳里奥议会的德鲁伊是自然的守卫者，他们定居于宁静的月光林地。,"Друиды Круга Кенария, стоящие на страже природы, избрали своим домом Лунную Поляну.",Los druidas del Círculo Cenarion son guardianes de la naturaleza y tienen su hogar en el tranquilo Claro de la Luna.,Os druidas do Círculo Cenariano são guardiões da natureza e estabeleceram seu lar no tranquilo Clareira da Lua.,4128894
629,37,1023,0,0,0,0,0,0,0,500,0,0,0,0,0,0,0,0,Shatterspear Trolls,,,Schattenspeer-Trolle,断矛巨魔,Тролли из племени Пронзающего Копья,Trols Rompelanzas,Trolls Lança Partida,4128894,,,,,,,,,4128876
630,38,434,589,0,0,0,0,0,0,0,-42000,0,0,0,0,0,0,0,Ravasaur Trainers,,,Ravasaurus-Ausbilder,暴掠龙训练师,Дрессировщики Равазавров,Instructores de Ravasaurios,Treinadores de Ravassauros,4128894,,,,,,,,,4128876
649,-1,0,0,0,0,0,0,0,0,0,0,0,0,0,0,0,0,0,Majordomo Executus,,,Majordomus Exekutus,管理者埃克索图斯,Мажордом Экзекутус,Mayordomo Executus,Senescal Executus,4128894,,,,,,,,,4128876
669,-1,0,0,0,0,0,0,0,0,0,0,0,0,0,0,0,0,0,Beast - Carrion Bird,,,Wildtier - Aasvogel,野兽 - 食腐鸟,Животное: Падальщик,Bestia: Pájaro Carroñero,Fera - Ave Carniceira,4128894,,,,,,,,,4128876
670,-1,0,0,0,0,0,0,0,0,0,0,0,0,0,0,0,0,0,Beast - Cat,,,Wildtier - Katze,野兽 - 猫,Животное: Кошка,Bestia: Gato,Fera - Gato,4128894,,,,,,,,,4128876
671,-1,0,0,0,0,0,0,0,0,0,0,0,0,0,0,0,0,0,Beast - Crab,,,Wildtier - Krabbe,野兽 - 螃蟹,Животное: Краб,Bestia: Cangrejo,Fera - Caranguejo,4128894,,,,,,,,,4128876
672,-1,0,0,0,0,0,0,0,0,0,0,0,0,0,0,0,0,0,Beast - Crocilisk,,,Wildtier - Krokilisk,野兽 - 鳄鱼,Животное: Кроколиск,Bestia: Crocolisco,Fera - Crocolisco,4128894,,,,,,,,,4128876
673,-1,0,0,0,0,0,0,0,0,0,0,0,0,0,0,0,0,0,Beast - Hyena,,,Wildtier - Hyäne,野兽 - 土狼,Животное: Гиена,Bestia: Hiena,Fera - Hiena,4128894,,,,,,,,,4128876
674,-1,0,0,0,0,0,0,0,0,0,0,0,0,0,0,0,0,0,Beast - Owl,,,Wildtier - Eule,野兽 - 猫头鹰,Животное: Сова,Bestia: Búho,Fera - Coruja,4128894,,,,,,,,,4128876
675,-1,0,0,0,0,0,0,0,0,0,0,0,0,0,0,0,0,0,Beast - Scorpid,,,Wildtier - Skorpid,野兽 - 蝎子,Животное: Скорпид,Bestia: Escórpido,Fera - Escorpídeo,4128894,,,,,,,,,4128876
676,-1,0,0,0,0,0,0,0,0,0,0,0,0,0,0,0,0,0,Beast - Tallstrider,,,Wildtier - Weitschreiter,野兽 - 陆行鸟,Животное: Долгоног,Bestia: Zancaalta,Fera - Moa,4128894,,,,,,,,,4128876
677,-1,0,0,0,0,0,0,0,0,0,0,0,0,0,0,0,0,0,Beast - Turtle,,,Wildtier - Schildkröte,野兽 - 乌龟,Животное: Черепаха,Bestia: Tortuga,Fera - Tartaruga,4128894,,,,,,,,,4128876
678,-1,0,0,0,0,0,0,0,0,0,0,0,0,0,0,0,0,0,Beast - Wind Serpent,,,Wildtier - Windnatter,野兽 - 风蛇,Животное: Крылатый Змей,Bestia: Serpiente Alada,Fera - Serpente Alada,4128894,,,,,,,,,4128876
679,-1,0,0,0,0,0,0,0,0,0,0,0,0,0,0,0,0,0,Training Dummy,,,Trainingsattrappe,训练假人,Тренировочный Манекен,Muñeco de Entrenamiento,Boneco de Treinamento,4128894,,,,,,,,,4128876
689,-1,0,0,0,0,0,0,0,0,0,0,0,0,0,0,0,0,0,"Dragonflight, Black - Bait",,,Drachenschwarm - Schwarz - Köder,黑龙军团 - 诱饵,Черные Драконы: Наживка,"Vuelo de Dragones, Negro: Cebo","Revoada de Dragões, Negra: Isca",4128894,,,,,,,,,4128876
709,25,1023,0,0,0,0,0,0,0,0,0,0,0,20,0,0,0,0,Battleground Neutral,,,Schlachtfeld Neutral,战场中立单位,Поле Боя: Нейтральные,Neutral en Campo de Batalla,Campo de Batalha Neutro,4128894,,,,,,,,,4128876
729,41,434,589,0,0,0,0,0,0,0,-42000,0,0,16,2,0,0,892,Frostwolf Clan,,,Frostwolfklan,霜狼氏族,Азеротский Клан Северного Волка,Clan Lobo Gélido,Clã Lobo do Gelo,4128894,The Frostwolf Clan seeks to drive out the dwarves of the Stormpike Expedition from Alterac Valley.,,,Der Frostwolfklan will die Zwerge der Sturmlanzentruppe aus dem Alteractal vertreiben.,霜狼氏族正在努力将雷矛探险队赶出奥特兰克山谷。,Клан Северного Волка стремится изгнать дворфов из клана Грозовой Вершины из Альтеракской Долины.,El Clan Lobo Gélido busca expulsar a los enanos de la Expedición Pico Tormenta del Valle Alterac.,O Clã Lobo do Gelo busca expulsar os anões da Expedição Lançatroz do Vale de Alterac.,4128894
730,40,589,434,0,0,0,0,0,0,0,-42000,0,0,16,2,0,0,891,Stormpike Guard,,,Sturmlanzengarde,雷矛卫队,Стража Грозовой Вершины,Guardia Pico Tormenta,Guarda de Lançatroz,4128894,"The Stormpike Dwarves have set up residence in Alterac Valley, where they're locked in battle with the Frostwolf Orcs.",,,Die Sturmlanzenzwerge haben sich im Alteractal niedergelassen und befinden sich dort im erbitterten Kampf mit den Frostwolforcs.,一群在奥特兰克山谷建立了永久居所的矮人，正与霜狼氏族的兽人激烈交战中。,"Отряд дворфов из Клана Грозовой Вершины, вынужденный обосноваться в Альтеракской Долине из-за Орков Клана Северного Волка.","Los enanos Pico Tormenta han establecido residencia en el Valle Alterac, donde están librando batalla con los orcos Lobo Gélido.","Os anões Lançatroz estabeleceram residência no Vale de Alterac, onde estão em batalha contra os Orcs Lobo do Gelo.",4128894
749,42,1023,0,0,0,0,0,0,0,0,0,0,0,0,0,0,0,0,Hydraxian Waterlords,,,Hydraxianer-Wasserfürsten,海达希亚水元素,Гидраксианские Повелители Вод,Srs. del Agua de Hydraxis,Senhores das Águas Hidraxianos,4128894,These elementals have made their home on the islands east of Azshara.  Sworn enemies of the armies of Ragnaros.,,,Diese Elementare haben ihre Heimat auf den Inseln östlich von Azshara gefunden. Sie sind erklärte Feinde der Armeen von Ragnaros.,这些元素生物定居于艾萨拉的东部的一座小岛上，是拉格纳罗斯及其军团的死敌。,Эти элементали воды обосновались на островах к востоку от Азшары. Заклятые враги Рагнароса.,Estos elementales han hecho su hogar en las islas al este de Azshara. Enemigos jurados de los ejércitos de Ragnaros.,Esses elementais estabeleceram seu lar nas ilhas a leste de Azshara. Inimigos jurados dos exércitos de Ragnaros.,4128894
750,-1,0,0,0,0,0,0,0,0,0,0,0,0,0,0,0,0,0,Sulfuron Firelords,,,Sulfuron-Feuerfürsten,萨弗隆火元素,Сульфуронские Повелители Огня,Señores del Fuego de Sulfuron,Senhores do Fogo de Sulfuron,4128894,,,,,,,,,4128876
769,-1,0,0,0,0,0,0,0,0,0,0,0,0,0,0,0,0,0,Gizlock's Dummy,,,Gizlocks Attrappe,吉兹洛克的假人,Манекен-Мишень Гизлока,Muñeco de Gizlock,Boneco de Bugitranca,4128894,,,,,,,,,4128876
770,-1,0,0,0,0,0,0,0,0,0,0,0,0,0,0,0,0,0,Gizlock's Charm,,,Gizlocks Talisman,吉兹洛克的护符,Оберег Гизлока,Talismán de Gizlock,Amuleto de Bugitranca,4128894,,,,,,,,,4128876
771,-1,0,0,0,0,0,0,0,0,0,0,0,0,0,0,0,0,0,Gizlock,,,Gizlock,吉兹洛克,Гизлок,Gizlock,Bugitranca,4128894,,,,,,,,,4128876
789,43,1023,0,0,0,0,0,0,0,0,0,0,0,16,0,0,0,0,Moro'gai,,,Moro'gai,莫洛加,Моро'гай,Moro'gan,Moro'gai,4128894,This faction of Draenei from across the Dark portal is trying to make a new home in the Swamps of Sorrow while beset by strife and the madness of their kin.,,,"Diese Fraktion der Draenei von jenseits des Dunklen Portals versucht, sich in den Sümpfen des Elends eine neue Heimat aufzubauen, während sie unter Zwietracht und dem Wahnsinn ihrer Verwandten leidet.",这支来自黑暗之门的德莱尼阵营正试图在悲伤沼泽中建立新的家园，然而他们不仅面临着内部纷争，还要应对族人的疯狂。,"Эта фракция дренеев, пришедшая через Тёмный портал, пытается обрести новый дом в Болоте Печали, несмотря на внутренние раздоры и безумие своих сородичей.","Esta facción de Draenei del otro lado del Portal Oscuro está intentando establecer un nuevo hogar en los Pantanos de la Pena, mientras enfrentan la lucha y locura de sus congéneres.",Esta facção de Draenei vindos através do Portal Negro está tentando construir um novo lar nos Pântano das Mágoas enquanto são assediados por conflitos e pela loucura de seus parentes.,4128876
790,-1,0,0,0,0,0,0,0,0,0,0,0,0,0,0,0,0,0,Spirit Guide - Alliance,,,Geisterführer - Allianz,灵魂向导 - 联盟,Хранитель Душ Альянса,Guía Espiritual: Alianza,Espírito-guia - Aliança,4128894,,,,,,,,,4128876
809,44,1023,0,0,0,0,0,0,0,0,0,0,0,16,0,0,0,0,Shen'dralar,,,Shen'dralar,辛德拉,Шен'дралар,Shen'dralar,Shen'dralar,4128894,"A remnant of the once powerful elves living in Dire Maul, yet still wise and knowledgeable about great secrets. ",,,Ein Überbleibsel der einst mächtigen Elfen von Düsterbruch – weise und noch immer im Besitz großer Geheimnisse.,一群居住在厄运之槌的精灵后裔，他们仍然具有着相当渊博的智慧与学识，并保守着一些伟大的秘密。,"Последние эльфы Забытого Города утратили былое могущество, но все еще хранят знания о древних тайнах.","Un remanente de los poderosos elfos que vivieron en La Masacre, pero aún sabios y conocedores de grandes secretos.","Os remanescentes dos poderosos elfos que viveram em Gládio Cruel, ainda sábios e conhecedores de grandes segredos.",4128894
829,-1,0,0,0,0,0,0,0,0,0,0,0,0,0,0,0,0,0,Ogre (Captain Kromcrush),,,Oger (Hauptmann Krombruch),食人魔（克罗卡斯队长）,Огр: Капитан Давигром,Ogro (Capitán Kromcrush),Ogro (Capitão Kebrapaw),4128894,,,,,,,,,4128876
849,-1,0,0,0,0,0,0,0,0,0,0,0,0,0,0,0,0,0,Spirit Guide - Horde,,,Geisterführer - Horde,灵魂向导 - 部落,Хранитель Душ Орды,Guía Espiritual: Horda,Espírito-guia - Horda,4128894,,,,,,,,,4128876
869,-1,0,0,0,0,0,0,0,0,0,0,0,0,0,0,0,0,0,Jaedenar,,,Jaedenar,加德纳尔,Джеденар,Jaedenar,Jaedenar,4128894,,,,,,,,,4128876
889,46,434,589,0,0,0,0,0,0,0,-42000,0,0,16,2,0,0,892,Warsong Outriders,,,Vorhut des Kriegshymnenklans,战歌氏族,Всадники Песни Войны,Escoltas Grito de Guerra,Pioneiros do Brado Guerreiro,4128894,"Fierce orcs of the Warsong Clan, locked in battle against the Silverwing Sentinels in Warsong Gulch.",,,"Kampferprobte Orcs des Kriegshymnenklans, die sich in der Schlacht um die Kriegshymnenschlucht den Schildwachen der Silberflügel entgegenstellen.",战歌氏族是最具攻击性的兽人氏族，目前正与暗夜精灵的银翼哨兵部队在战歌峡谷激烈地交战中。,"Грозные орки из Клана Песни Войны, схватившиеcя с Среброкрылыми Часовыми в боях за контроль над Ущельем Песни Войны.","Orcos feroces del Clan Grito de Guerra, enfrentándose a los Centinelas Ala de Plata en el Cañón Grito de Guerra.","Orcs ferozes do Clã Brado Guerreiro, em batalha contra os Sentinelas Asa de Prata em Ravina Brado Guerreiro.",4128894
890,45,589,434,0,0,0,0,0,0,0,-42000,0,0,16,2,0,0,891,Silverwing Sentinels,,,Schildwachen der Silberflügel,银翼要塞,Среброкрылые Часовые,Centinelas Ala de Plata,Sentinelas da Asa de Prata,4128894,"Staunch defenders of Ashenvale, locked in battle against the Warsong Outriders in Warsong Gulch.",,,"Unerschütterliche Verteidiger von Eschental, die sich den Kriegshymnenvorreitern in der Kriegshymnenschlucht entgegenstellen.",灰谷地区坚定的守卫者，目前正与战歌氏族在战歌峡谷中激烈交战。,"Доблестные защитники Ясеневого Леса, сражающиеся со Всадниками Песни Войны за владычество в Ущелье Песни Войны.","Fervientes defensores de Frondavil, eternos rivales de Los Escoltas Grito de Guerra en el Cañón Grito de Guerra.","Defensores firmes de Vale Gris, em batalha contra os Cavaleiros do Brado Guerreiro em Ravina Brado Guerreiro.",4128894
891,47,589,434,0,0,0,0,0,0,0,-42000,0,0,24,2,0,0,0,Alliance Forces,,,Allianz-Streitkräfte,联盟部队,Силы Альянса,Fuerzas de la Alianza,Forças da Aliança,4128894,,,,,,,,,4128876
892,48,434,589,0,0,0,0,0,0,0,-42000,0,0,24,2,0,0,0,Horde Forces,,,Horde-Streitkräfte,部落军队,Силы Орды,Fuerzas de la Horda,Forças da Horda,4128894,,,,,,,,,4128876
893,55,434,589,0,0,0,0,0,0,2500,-42000,0,0,16,2,0,0,67,Revantusk Trolls,,,Trolls der Bruchhauer,恶齿巨魔,Тролли Сломанного Клыка,Trols Sañadiente,Trolls Revatusco,4128894,The Revantusk Trolls are a tribe of Forest Trolls in the Hinterlands seeking closer ties to the Horde.,,,"Die Revantusk-Trolle sind ein Stamm der Waldtrolle in den Hinterlanden, der engere Bande zur Horde sucht.",恶齿巨魔是一支生活在辛特兰的森林巨魔部族，他们渴望与部落建立更紧密的联系。,"Тролли Сломанного Клыка - это племя лесных троллей, обитающее во Внутренних Землях и стремящееся к более тесным связям с Ордой.",Los Trols Sañadiente son una tribu de Trols del Bosque en las Tierras del Interior que buscan estrechar lazos con la Horda.,Os Trolls Revatusco são uma tribo de Trolls da Floresta nas Terras Interiores que buscam laços mais estreitos com a Horda.,4128876
909,50,1023,0,0,0,0,0,0,0,0,0,0,0,16,0,0,0,0,Darkmoon Faire,,,Dunkelmond-Jahrmarkt,暗月马戏团,Ярмарка Новолуния,Feria de la Luna Negra,Feira de Negraluna,4128894,A traveling fair that showcases the weird and the extraordinary.  Often spotted in Elwynn Forest and Mulgore.,,,"Ein reisender Jahrmarkt, der das Seltsame und Außergewöhnliche präsentiert. Oft zu finden im Wald von Elwynn und in Mulgore.",一个向全世界展示着各类珍奇异宝的旅行马戏团。他们经常会访问艾尔文森林和莫高雷。,"Ярмарка, на которой можно найти много странного и диковинного. Ее часто можно увидеть в Элвинском Лесу и Мулгоре.",Una feria viajera que exhibe lo extraño y lo extraordinario. A menudo vista en el Bosque de Elwynn y Mulgore.,Uma feira ambulante que exibe o estranho e o extraordinário. Frequentemente vista na Floresta de Elwynn e Mulgore.,4128894
910,54,1023,0,0,0,0,0,0,0,-42000,0,0,0,0,0,0,0,0,Brood of Nozdormu,,,Brut von Nozdormu,诺兹多姆的子嗣,Род Ноздорму,Linaje de Nozdormu,Prole de Nozdormu,4128894,The descendants of the Bronze Dragonflight are the guardians of time and care little for the mortal races.,,,Die Nachfahren des bronzenen Drachenschwarms sind die Hüter der Zeit und kümmern sich wenig um die sterblichen Völker.,青铜龙军团的后裔乃是时间的守护者，对凡间诸族鲜少在意。,Эти потомки Бронзовых Драконов охраняют само Время и не слишком интересуются делами смертных.,Los descendientes del Vuelo de Dragones de Bronce son los guardianes del tiempo y poco les importa las razas mortales.,Os descendentes da Revoada de Bronze são os guardiões do tempo e pouco se importam com as raças mortais.,4128894
912,-1,0,0,0,0,0,0,0,0,0,0,0,0,0,0,0,0,0,Might of Kalimdor,,,Macht von Kalimdor,卡利姆多联军,Армия Калимдора,Poder de Kalimdor,Poder de Kalimdor,4128894,,,,,,,,,4128892
914,-1,0,0,0,0,0,0,0,0,0,0,0,0,0,0,0,0,0,"PLAYER, High Elf",,,"SPIELER, Hochelf",高等精灵(玩家),ИГРОК: Высший Эльф,"JUGADOR, Alto Elfo","JOGADOR, Elfo Alto",4128894,,,,,,,,,4128876
915,-1,0,0,0,0,0,0,0,0,0,0,0,0,0,0,0,0,0,Armies of C'Thun,,,Armeen von C'Thun,克苏恩的军队,Армии К'Туна,Ejércitos de C'thun,Exércitos de C'thun,4128894,,,,,,,,,4128876
916,-1,0,0,0,0,0,0,0,0,0,0,0,0,0,0,0,0,0,Silithid Attackers,,,Silithiden-Angreifer,异种虫攻击者,Силитиды-Захватчики,Atacantes Silítidos,Atacantes Silitídeos,4128894,,,,,,,,,4128876
917,-1,0,0,0,0,0,0,0,0,0,0,0,0,0,0,0,0,0,The Ironforge Brigade,,,Die Eisenschmiedebrigade,铁炉堡军团,Дружина Стальгорна,Brigada de Forjaz,A Brigada de Altaforja,4128894,,,,,,,,,4128876
918,-1,0,0,0,0,0,0,0,0,0,0,0,0,0,0,0,0,0,RC Enemies,,,RC-Feinde,RC敌人,ДУ Противники,CR Enemigos,RC Enemies,4128894,,,,,,,,,4128844
919,-1,0,0,0,0,0,0,0,0,0,0,0,0,0,0,0,0,0,RC Objects,,,RC-Objekte,RC物体,ДУ Объекты,CR Objetos,RC Objects,4128894,,,,,,,,,4128844
920,-1,0,0,0,0,0,0,0,0,0,0,0,0,0,0,0,0,0,Red,,,Rot,红,Красные,Rojo,Vermelho,4128894,,,,,,,,,4128844
921,-1,0,0,0,0,0,0,0,0,0,0,0,0,0,0,0,0,0,Blue,,,Blau,蓝,Синие,Azul,Azul,4128894,,,,,,,,,4128844
927,-1,0,0,0,0,0,0,0,0,0,0,0,0,0,0,0,0,0,"PLAYER, Goblin",,,"SPIELER, Goblin",地精(玩家),ИГРОК: Гоблин,"JUGADOR, Goblin","JOGADOR, Goblin",4128894,,,,,,,,,4128876
928,-1,0,0,0,0,0,0,0,0,0,0,0,0,0,0,0,0,0,Scourge Invaders,,,Geißel-Invasoren,天灾入侵者,Захватчики Плети,Invasores de la Plaga,Invasores do Flagelo,4128894,,,,,,,,,4128844
931,-1,0,0,0,0,0,0,0,0,0,0,0,0,0,0,0,0,0,Test Faction (not a real faction),,,Testfraktion (keine echte Fraktion),测试阵营（虚构阵营）,Тестовая Фракция (ненастоящая фракция),Test Faction (Not a Real Faction),Test Faction (Not a Real Faction),4128894,This faction only exists to test the editing of faction names and descriptions...,,,Diese Fraktion existiert nur zum Testen von Fraktionsnamen und -beschreibungen...,这个阵营只是为了测试阵营名称和描述的编辑而存在...,"Эта фракция существует только для того, чтобы протестировать редактирование названий и описаний фракций...",Esta facción solo existe para probar la edición de nombres y descripciones de facciones...,Esta facção existe apenas para testar a edição dos nomes e descrições das facções...,4128894
950,-1,0,0,0,0,0,0,0,0,0,0,0,0,0,0,0,0,0,ToWoW - Flag,,,ToWoW - Flagge,ToWoW - 旗帜,ToWoW: Флаг,ToWoW - Flag,ToWoW - Flag,4128894,,,,,,,,,4128844
951,-1,0,0,0,0,0,0,0,0,0,0,0,0,0,0,0,0,0,ToWoW - Flag Trigger Alliance (DND),,,ToWoW - Allianz-Flaggenauslöser (DND),ToWoW - 联盟旗帜触发器（DND）,ToWoW — Флаг-триггер: Альянс(DND),ToWoW - Flag Trigger Alliance (DND),ToWoW - Flag Trigger Alliance (DND),4128894,,,,,,,,,4128844
954,-1,0,0,0,0,0,0,0,0,0,0,0,0,0,0,0,0,0,ToWoW - Flag Trigger Horde (DND),,,ToWoW - Horde-Flaggenauslöser (DND),ToWoW - 部落旗帜触发器（DND）,ToWoW - Флаг-триггер: Орда(DND),ToWoW - Flag Trigger Horde (DND),ToWoW - Flag Trigger Horde (DND),4128894,,,,,,,,,4128844
1001,34,178,589,256,0,0,0,0,0,0,-42000,3500,0,17,2,17,0,67,Durotar Labor Union,,,Arbeitsunion von Durotar,杜隆塔尔工会,Профсоюз Дуротара,Sindicato de Trabajadores de Durotar,Sindicato dos Trabalhadores de Durotar,4128894,The Durotar Labor Union is a group of Goblins that joined the Horde after defecting from the Venture Co. They're eager to prove themselves as capable members of the Horde.,,,"Die Arbeitsunion von Durotar ist eine Gruppe Goblins, die nach ihrer Abkehr von der Venture Company der Horde beitraten. Sie sind entschlossen, sich als fähige Mitglieder der Horde zu beweisen.",杜隆塔尔工会是一支从风险投资公司叛逃后加入部落的地精组织。他们正急于证明自己配得上部落成员的身份。,"Профсоюз Дуротара - это группа Гоблинов, которые присоединились к Орде после ухода из Торговой Компании. Они стремятся проявить себя как способные члены Орды.",El Sindicato Laboral de Durotar es un grupo de Goblins que se unieron a la Horda después de desertar Ventura y Cía. Están ansiosos por demostrar que son miembros capaces de la Horda.,O Sindicato Trabalhista de Durotar é um grupo de Goblins que se uniram à Horda após desertarem da Empreendimentos S.A. Eles estão ansiosos para provar seu valor como membros competentes da Horda.,4128876
1004,-1,1023,0,0,0,0,0,0,0,0,0,0,0,0,0,0,0,0,Brotherhood of the Horse,,,Bruderschaft des Pferdes,铁马兄弟会,Братство Коня,Hermandad del Caballo,Irmandade do Cavalo,4128894,The Gallant Knights of Azeroth ride into battle upon their armored steeds to prevent the invasion of their homeland.,,,"Die Galanten Ritter von Azeroth reiten auf gepanzerten Streitrossen in die Schlacht, um die Invasion ihrer Heimat zu verhindern.",英勇的艾泽拉斯骑士骑着他们的装甲战马奔赴战场，阻止敌人入侵他们的家园。,"Доблестные Рыцари Азерота скачут в бой на своих закованных в броню конях, чтобы предотвратить вторжение на свою родину.",Los Valientes Caballeros de Azeroth cabalgan hacia la batalla sobre sus caballos acorazados para prevenir la invasión de su tierra natal.,Os Cavaleiros Galantes de Azeroth cavalgam para a batalha em seus corcéis armadurados para evitar a invasão de sua terra natal.,4128844
1005,-1,1023,0,0,0,0,0,0,0,0,0,0,0,0,0,0,0,0,Sythegore Arm,,,Sythegore-Arm,赛斯戈尔之臂,Рука Сайзгора,Brazo Segasangre,Braço Sythegore,4128894,"Elite raiders of the Blackrock Clan, now unleashed upon Elwynn Forest to see it burn.",,,"Elitekämpfer des Schwarzfelsklans, die nun in den Wald von Elwynn ausgesandt wurden, um ihn in Flammen aufgehen zu lassen.",黑石氏族的精英掠夺者们，如今被派往艾尔文森林，亲眼见证它被焚毁的命运。,"Элитные рейдеры  из Клана Черной Горы, выпущенные на волю в Элвиннский лес, чтобы сжечь его дотла.","Jinetes de élite del Clan Roca Negra, ahora desatados en el Bosque de Elwynn para verlo arder.","Invasores de elite do Clã Rocha Negra, agora soltos sobre a Floresta de Elwynn para vê-la queimar.",4128844
1006,-1,1023,0,0,0,0,0,0,0,0,0,0,0,0,0,0,0,0,Keepers of Outerend,,,Hüter von Outerend,外域守护者,Хранители Внешнего Предела,Guardianes de Outrend,Guardiões de Outerend,4128894,"These stalwart servants have kept the relic Outerend safe for a dozen millennia. With the coming darkness, they now seek to guide mortals to protect Azeroth.",,,Diese standhaften Diener haben das Relikt Outerend über Jahrtausende bewahrt. Angesichts der nahenden Dunkelheit suchen sie nun nach sterblichen Verbündeten im Kampf um Azeroth.,这些忠诚的守护者已保卫古老的圣地“外域”长达万年之久。如今黑暗将至，他们正引导凡人勇士为艾泽拉斯而战。,Эти стойкие служители хранили реликвию Внешнего Предела на протяжении десятков тысячелетий. С наступлением тьмы они стремятся направить смертных на защиту Азерота.,"Estos servidores leales han mantenido la reliquia Outerend a salvo durante docenas de milenios. Con la oscuridad que se avecina, ahora buscan guiar a los mortales a luchar por Azeroth.","Esses fiéis servos guardaram a relíquia Outerend por doze milênios. Com a escuridão que se aproxima, agora buscam guiar os mortais a lutar por Azeroth.",4128844
1007,29,1023,0,0,0,0,0,0,0,0,0,0,0,16,0,0,0,0,Wardens of Time,,,Wächter der Zeit,时光守护者,Стражи Времени,Guardianes del Tiempo,Guardião do Tempo,4128894,This specific group of the Bronze Dragonflight will accept the aid of any mortal that have earned access to the Caverns of Time. Their goal is to undo the mysterious time anomalies that have recently begun to appear across the timeways.,,,"Diese spezielle Gruppe des bronzenen Drachenschwarms nimmt jene Sterblichen auf, die sich Zugang zu den Höhlen der Zeit verdient haben. Ihr Ziel ist es, die rätselhaften Zeitstörungen zu beseitigen, die zuletzt in den Zeitlinien aufgetaucht sind.",这支青铜龙军团的特遣小队愿意接纳任何获得时光之穴进入资格的凡人的协助。他们的目标是消除近期突然在时间线各处出现的异常时空裂隙。,"Эта особая группа Бронзовых Драконов примет помощь любого смертного, получившего доступ в Пещеры Времени. Их цель - устранить таинственные временные аномалии, которые недавно начали появляться на временных путях.",Este grupo específico del Vuelo de Dragones de Bronce aceptará la ayuda de cualquier mortal que haya ganado acceso a las Cavernas del Tiempo. Su objetivo es deshacer las misteriosas anomalías temporales que recientemente han comenzado a aparecer a lo largo de los caminos del tiempo.,Este grupo específico da Revoada de Bronze aceitará a ajuda de qualquer mortal que tenha ganho acesso às Cavernas do Tempo. Seu objetivo é desfazer as misteriosas anomalias temporais que começaram a aparecer pelos caminhos do tempo.,4128844
1008,30,1023,0,0,0,0,0,0,0,0,0,0,0,16,0,0,0,0,Steamwheedle Blood Ring,,,Dampfdruck-Blutring,热砂血环,Кровавое Кольцо Хитрой Шестеренки,Anillo de Sangre Bonvapor,Circulo de Sangue Bondebico,4128894,A grand arena tournament organized by the Steamwheedle Cartel. The strongest fighters are invited to compete in the bloody sands for fame and great rewards provided by the Arena masters of the Cartel.,,,"Ein großes Arenaturnier, organisiert vom Dampfdüsenkartell. Die stärksten Kämpfer werden eingeladen, im blutigen Sand um Ruhm und große Belohnungen zu kämpfen.",由热砂财团组织的一场盛大的竞技场锦标赛。最强大的战士们受邀在这片血腥的沙地上竞争，赢取声望和竞技场管理员提供的丰厚奖励。,"Грандиозный турнир на арене, организованный картелем Хитрой Шестеренки. Сильнейшие бойцы приглашаются сразиться в кровавых песках за славу и большие награды, которые предоставляют мастера арены Картеля",Un gran torneo de arena organizado por el Cartel Bonvapor. Los luchadores más fuertes son invitados a competir en las sangrientas arenas por fama y grandes recompensas proporcionadas por los Maestros de la Arena del Cartel.,Um grande torneio de arena organizado pelo Cartel Bondebico. Os lutadores mais fortes são convidados a competir nas areias sangrentas por fama e grandes recompensas fornecidas pelos mestres da Arena do Cartel.,4128844
1009,-1,1023,0,0,0,0,0,0,0,-42000,0,0,0,0,0,0,0,0,Infinite Dragonflight,,,Unendlicher Drachenschwarm,永恒龙军团,Дракон Бесконечности,Vuelo Infinito de Dragones,Revoada Infinita,4128894,Mysterious corrupted Dragons bent on corrupting the timeways.,,,"Geheimnisvolle, verderbte Drachen, die darauf aus sind, die Zeitlinien zu korrumpieren.",这些堕落的巨龙诡秘莫测，意图扭曲时间线的轨迹。,"Таинственные развращённые драконы, стремящиеся осквернить временные пути.",Dragones misteriosos y corruptos empeñados en corromper los caminos del tiempo.,Misteriosos dragões corrompidos com o objetivo de deturpar os caminhos do tempo.,4128876
1011,32,589,434,0,0,0,0,0,0,0,-42000,0,0,16,2,0,0,0,Kul Tiras,,,Kul Tiras,库尔提拉斯,Кул-Тирас,Kul Tiras,Kul Tiras,4128894,"Masters of the seas and retainers of Azeroth's finest navy, the merchant nation-island of Kul Tiras is now one of the last standing human kingdoms.",,,"Kul Tiras ist eine Inselkette im Großen Meer westlich der Östlichen Königreiche und Heimat der gleichnamigen menschlichen Nation. Die Marine von Kul Tiras war seit jeher mit der Allianz verbündet, hat diese Treue jedoch seit dem Fall von Lordaeron noch nicht erneuert.",库尔提拉斯是位于无尽之海中的一个群岛，位于东部王国以西，也是同名人类国家的所在地。库尔提拉斯的海军自联盟成立以来就一直与联盟结盟，但在洛丹伦沦陷后，他们尚未重申他们的这一忠诚。,"Кул-Тирас - это цепь островов, расположенных в Великом Море, к западу от Восточных Королевств, и являющихся домом для одноименной человеческой нации. Военно-морской флот Кул-Тираса был связан с Альянсом с момента его основания, но ему еще предстоит подтвердить свою верность после падения Лордерона.","Kul Tiras es un conjunto de islas ubicado en el Gran Mar, al oeste de los Reinos del Este, y es hogar de la nación humana del mismo nombre. La armada de Kul Tiras ha estado alineada con la Alianza desde su fundación, pero aún no ha reafirmado estas lealtades tras la caída de Lordaeron.","Kul Tiras é um arquipélago localizado no Grande Mar, a oeste dos Reinos do Leste, e é lar da nação humana de mesmo nome. A marinha de Kul Tiras tem sido alinhada com a Aliança desde sua fundação, mas ainda não reafirmou essas lealdades após a queda de Lordaeron.",4128876
1012,26,589,434,0,0,0,0,0,0,-42000,0,0,0,4,4,0,0,0,Stonemaul Tribe,,,Stamm der Steinschläger,石槌部族,Stonemaul Tribe,Tribu Quebrantarocas,Tribo Stonemaul,4128894,The Stonemaul Ogres joined the Horde under the auspices of the Mok'nathal Rexxar. They have since been welcoming and friendly to the Horde.,,,Die Oger von Steinbrecher haben sich unter der Führung von Mok'nathal Rexxar der Horde angeschlossen. Seither begegnen sie der Horde mit Offenheit und Freundschaft.,石槌食人魔在莫克纳萨氏族的雷克萨的支持下加入了部落。从此对部落友好热情。,Огры Каменного Мола присоединились к Орде под покровительством Мок'натала Рексара. С тех пор они относятся к Орде приветливо и дружелюбно.,Los Ogros Quebrantarrocas se unieron a la Horda bajo el auspicio del Mok'nathal Rexxar. Desde entonces han sido acogedores y amigables con la Horda.,"Os Ogros Pedramalho se uniram à Horda sob a liderança do Mok'nathal Rexxar. Desde então, têm sido acolhedores e amigáveis com a Horda.",4128876
1013,-1,0,0,0,0,0,0,0,0,0,0,0,0,0,0,0,0,0,Beast - Fox,,,Wildtier - Fuchs,野兽-狐狸,Животное: Лиса,Bestia: Zorro,Fera - Raposa,4128894,Kon,,,Kon,吭！,Кон,Kon,Kon,4128876
