id,name_enUS,name_koKR,name_frFR,name_deDE,name_zhCN,name_ruRU,name_esES,name_ptPT,nameMask,itemId_1,itemId_2,itemId_3,itemId_4,itemId_5,itemId_6,itemId_7,itemId_8,itemId_9,itemId_10,itemId_11,itemId_12,itemId_13,itemId_14,itemId_15,itemId_16,itemId_17,setSpellId_1,setSpellId_2,setSpellId_3,setSpellId_4,setSpellId_5,setSpellId_6,setSpellId_7,setSpellId_8,setThreshold_1,setThreshold_2,setThreshold_3,setThreshold_4,setThreshold_5,setThreshold_6,setThreshold_7,setThreshold_8,requiredSkillId,requiredSkillRank
1,The Gladiator,,,Der Gladiator,角斗士,Гладиатор,El Gladiador,O Gladiador,4128894,11729,11726,11728,11731,11730,0,0,0,0,0,0,0,0,0,0,0,0,13384,15666,7598,9336,0,0,0,0,3,2,5,4,0,0,0,0,0,0
41,Dal'Rend's Arms,,,Dal'Rend's Waffen,雷德双刀,Оружие Дал'Ренда,Armas de Dal'rend,Armas de Dal'rend,4128894,12940,12939,0,0,0,0,0,0,0,0,0,0,0,0,0,0,0,14056,0,0,0,0,0,0,0,2,0,0,0,0,0,0,0,0,0
65,Spider's Kiss,,,Kuss der Spinne,蜘蛛之吻,Паучий Поцелуй,Beso de la Araña,Beijo Da Aranha,4128894,13218,13183,0,0,0,0,0,0,0,0,0,0,0,0,0,0,0,17332,0,0,0,0,0,0,0,2,0,0,0,0,0,0,0,0,0
81,The Postmaster,,,Der Postmeister,邮差,Почтальон,El Jefe de Correos,O Chefe Do Correio,4128894,13390,13388,13391,13392,13389,0,0,0,0,0,0,0,0,0,0,0,0,9764,17498,9346,14590,14712,14410,0,0,2,5,4,3,3,5,0,0,0,0
121,Cadaverous Garb,,,Leichenhaftes Gewand,苍白,Трупный Наряд,Atuendo de Cadáver,Traje Cadavérico,4128894,14637,14636,14640,14638,14641,0,0,0,0,0,0,0,0,0,0,0,0,7516,9140,18686,15465,0,0,0,0,2,3,4,5,0,0,0,0,0,0
122,Necropile Raiment,,,Roben des Totenbeschwörers,骨堆,Одеяния Некрополя,Vestiduras Necrópilas,Traje Necrópilo,4128894,14631,14629,14632,14633,14626,0,0,0,0,0,0,0,0,0,0,0,0,7495,7516,18686,14047,0,0,0,0,3,2,4,5,0,0,0,0,0,0
123,Bloodmail Regalia,,,Ornat des Blutpanzers,血链,Регалии Кровавой Кольчуги,Atavío Mallasangre,Paramentos de Malha Sangrenta,4128894,14614,14616,14615,14611,14612,0,0,0,0,0,0,0,0,0,0,0,0,13665,18686,9140,7516,0,0,0,0,5,4,3,2,0,0,0,0,0,0
124,Deathbone Guardian,,,Wächter der Totengebeine,亡者之骨,Костяной Страж,Guardia de Hueso de Muerto,Guardião Ossomorte,4128894,14624,14622,14620,14623,14621,0,0,0,0,0,0,0,0,0,0,0,0,7516,9764,18686,13665,0,0,0,0,2,3,4,5,0,0,0,0,0,0
141,Volcanic Armor,,,Vulkanrüstung,火山,Вулканические Доспехи,Armadura Volcánica,Armadura Vulcânica,4128894,15053,15054,15055,0,0,0,0,0,0,0,0,0,0,0,0,0,0,9233,0,0,0,0,0,0,0,3,0,0,0,0,0,0,0,0,0
142,Stormshroud Armor,,,Sturmschleier,雷暴,Доспехи Грозового Покрова,Armadura de Embozo de Tormenta,Armadura Do Véu Da Tempestade,4128894,15056,15057,15058,21278,0,0,0,0,0,0,0,0,0,0,0,0,0,14027,44065,23863,0,0,0,0,0,2,3,4,0,0,0,0,0,0,0
143,Devilsaur Armor,,,Teufelsaurierrüstung,魔暴龙护甲,Доспехи из Кожи Девизавра,Armadura de Demosaurio,Armadura de Demossauro,4128894,15062,15063,0,0,0,0,0,0,0,0,0,0,0,0,0,0,0,0,15465,0,0,0,0,0,0,0,2,0,0,0,0,0,0,0,0
144,Ironfeather Armor,,,Eisenfederrüstung,铁羽护甲,Железноперые доспехи,Armadura Plumahierro,Armadura de Penaférrea,4128894,15066,15067,0,0,0,0,0,0,0,0,0,0,0,0,0,0,0,14799,0,0,0,0,0,0,0,2,0,0,0,0,0,0,0,0,0
161,Defias Leather,,,Defiasleder,迪菲亚皮甲,Кожаные Доспехи Братства Справедливости,Cuero Defias,Couro de Défias,4128894,10399,10403,10402,10401,10400,81007,0,0,0,0,0,0,0,0,0,0,0,14712,7575,9762,44073,0,0,0,0,2,3,4,5,0,0,0,0,0,0
162,Embrace of the Viper,,,Umarmung der Viper,毒蛇的拥抱,Объятия Гадюки,Abrazo de la Víbora,Abraço Da Víbora,4128894,10412,10411,10413,10410,6473,81006,0,0,0,0,0,0,0,0,0,0,0,13679,9411,9408,9106,44070,44085,0,0,2,3,3,4,5,6,0,0,0,0
163,Chain of the Scarlet Crusade,,,Kette des Scharlachroten Kreuzzugs,血色十字军链甲,Цепь Алого Ордена,Cadena de la Cruzada Escarlata,Malha Encadeada Da Cruzada Escarlate,4128894,10329,10332,10328,10331,10330,10333,0,0,0,0,0,0,0,0,0,0,0,7517,14678,18074,15464,44076,0,0,0,2,3,4,5,6,0,0,0,0,0
181,Magister's Regalia,,,Ornat des Magisters,博学者的徽记,Регалии Магистра,Atavío de Magister,Paramentos Do Magíster,4128894,16685,16683,16686,16684,16687,16689,16688,16682,0,0,0,0,0,0,0,0,0,0,0,0,0,29091,27867,18679,30777,0,0,0,0,2,6,8,4,0,0
182,Vestments of the Devout,,,Gewänder des Gläubigen,虔诚,Ризы Благочестия,Vestimentas del Devoto,Vestimenta Do Devoto,4128894,16696,16691,16697,16693,16692,16695,16694,16690,0,0,0,0,0,0,0,0,0,0,14803,27778,18679,30779,0,0,0,0,2,6,8,4,0,0,0,0,0
183,Dreadmist Raiment,,,Nebel der Furcht,鬼雾,Одеяния Багрового Тумана,Vestiduras Calígine,Traje de Brumedo,4128894,16702,16703,16699,16701,16700,16704,16698,16705,0,0,0,0,0,0,0,0,0,0,0,29090,27780,18679,30778,0,0,0,0,2,6,8,4,0,0,0,0
184,Shadowcraft Armor,,,Rüstung der Schattenkunst,迅影,Доспехи Незаметности,Armadura Arte Sombrío,Armadura Da Arte Sombria,4128894,16713,16711,16710,16721,16708,16709,16712,16707,0,0,0,0,0,0,0,0,0,0,29096,27787,18679,30771,0,0,0,0,2,6,8,4,0,0,0,0,0
185,Wildheart Raiment,,,Herz der Wildnis,野性之心,Облачение Звериного Сердца,Vestiduras Corazón Salvaje,Traje Do Coração Selvagem,4128894,16716,16715,16714,16720,16706,16718,16719,16717,0,0,0,0,0,0,0,0,0,29097,27781,0,18679,9334,9344,0,0,2,6,0,8,4,4,0,0,0,0
186,Beaststalker Armor,,,Rüstung des Bestienjägers,野兽追猎者,Доспехи Следопыта,Armadura de Acechabestias,Armadura Do Espreitador de Feras,4128894,16680,16675,16681,16677,16674,16678,16679,16676,0,0,0,0,0,0,0,0,0,0,0,0,0,29094,27785,18679,30772,0,0,0,0,2,6,8,4,0,0
187,The Elements,,,Die Elemente,元素,Стихии,Los Elementos,Os Elementos,4128894,16673,16670,16671,16667,16672,16668,16669,16666,0,0,0,0,0,0,0,0,0,0,0,0,29095,27774,18679,30780,0,0,0,0,2,6,8,4,0,0,0
188,Lightforge Armor,,,Esse des Lichts,光铸护甲,Доспехи Светлой Стали,Armadura Forjaluz,Armadura Da Forja de Luz,4128894,16723,16725,16722,16726,16724,16728,16729,16727,0,0,0,0,0,0,0,0,0,0,29093,0,27498,18679,30775,0,0,0,2,0,6,8,4,0,0,0,0
189,Battlegear of Valor,,,Schlachtrüstung der Ehre,勇气,Броня Доблести,Equipo de Batalla de Valor,Equipamento de Batalhao Do Valor,4128894,16736,16734,16735,16730,16737,16731,16732,16733,0,0,0,0,0,0,0,0,0,29092,27419,0,18679,30770,0,0,0,2,6,0,8,4,0,0,0,0,0
201,Arcanist's Regalia,,,Ornat des Arkanisten,奥术师,Регалии Чародея,Atavío de Arcanista,Paramentos do Arcanista,4128894,16802,16799,16795,16800,16801,16796,16797,16798,0,0,0,0,0,0,0,0,0,9346,26175,23545,0,0,0,0,0,3,5,8,0,0,0,0,0,0,0
202,Vestments of Prophecy,,,Gewänder der Prophezeiung,预言,Ризы Пророчества,Vestimentas de Profecía,Vestimenta Da Profecia,4128894,16811,16813,16817,16812,16814,16816,16815,16819,0,0,0,0,0,0,0,0,0,21973,21092,23550,0,0,0,0,0,3,5,8,0,0,0,0,0,0,0
203,Felheart Raiment,,,Gewänder des Teufelsherzen,恶魔之心,Одеяния Сердца Скверны,Vestiduras Corazón Oscuro,Traje Vilcórdio,4128894,16806,16804,16805,16810,16809,16807,16808,16803,0,0,0,0,0,0,0,0,0,23554,21741,23553,0,0,0,0,0,3,5,8,0,0,0,0,0,0,0
204,Nightslayer Armor,,,Der Nachtmeuchler,夜幕杀手,Доспехи Ночного Убийцы,Armadura de Destripador Nocturno,Armadura Do Matador Noturno,4128894,16827,16824,16825,16820,16821,16826,16822,16823,0,0,0,0,0,0,0,0,0,21874,21975,23582,0,0,0,0,0,3,5,8,0,0,0,0,0,0,0
205,Cenarion Raiment,,,Gewänder des Cenarius,塞纳里奥,Кенарийские Одеяния,Vestiduras de Cenarius,Traje Cenariano,4128894,16828,16829,16830,16833,16831,16834,16835,16836,0,0,0,0,0,0,0,0,0,18382,23556,23557,0,0,0,0,0,5,8,3,0,0,0,0,0,0,0
206,Giantstalker Armor,,,Rüstung des Riesenjägers,巨人追猎者,Доспехи Истребителя Великанов,Armadura de Acechagigantes,Armadura do Espreita-Gigantes,4128894,16851,16849,16850,16845,16848,16852,16846,16847,0,0,0,0,0,0,0,0,0,23560,23566,21926,0,0,0,0,0,3,8,5,0,0,0,0,0,0,0
207,The Earthfury,,,Die Wut der Erde,大地之怒,Гнев Земли,Furia de la Tierra,A Terrafúria,4128894,16838,16837,16840,16841,16844,16839,16842,16843,0,0,0,0,0,0,0,0,0,23572,21895,52893,0,0,0,0,0,5,3,8,0,0,0,0,0,0,0
208,Lawbringer Armor,,,Rüstung der Gerechtigkeit,秩序之源,Доспехи Судии,Armadura de Justiciero,Armadura Do Mantenedor Da Lei,4128894,16858,16859,16857,16853,16860,16854,16855,16856,0,0,0,0,0,0,0,0,0,9317,18382,21747,0,0,0,0,0,3,5,8,0,0,0,0,0,0,0
209,Battlegear of Might,,,Schlachtrüstung der Macht,力量,Броня Мощи,Equipo de Batalla de Poderío,Equipamento de Batalha Do Poder,4128894,16864,16861,16865,16863,16866,16867,16868,16862,0,0,0,0,0,0,0,0,0,23562,21838,23561,0,0,0,0,0,3,5,8,0,0,0,0,0,0,0
210,Netherwind Regalia,,,Gewänder des Netherwinds,灵风,Регалия Ветра Пустоты,Atavío Viento Abisal,Paramentos Do Vento Etéreo,4128894,16818,16918,16912,16914,16917,16913,16915,16916,0,0,0,0,0,0,0,0,0,21879,23549,22007,0,0,0,0,0,3,5,8,0,0,0,0,0,0,0
211,Vestments of Transcendence,,,Gewänder der Erhabenheit,卓越,Ризы Превосходства,Vestimentas de Trascendencia,Vestimenta Da Transcendência,4128894,16925,16926,16919,16921,16920,16922,16924,16923,0,0,0,0,0,0,0,0,0,21853,21894,22010,0,0,0,0,0,5,3,8,0,0,0,0,0,0,0
212,Nemesis Raiment,,,Gewänder des Nemesis,复仇,Одеяния Возмездия,Vestiduras de la Némesis,Traje Da Nêmesis,4128894,16933,16927,16934,16928,16930,16931,16929,16932,0,0,0,0,0,0,0,0,0,21922,23555,0,14047,0,0,0,0,5,8,0,3,0,0,0,0,0,0
213,Bloodfang Armor,,,Blutfangrüstung,血牙,Доспехи Кровавых Клыков,Armadura Colmillo de Sangre,Armadura Dentessangue,4128894,16910,16906,16911,16905,16907,16908,16909,16832,0,0,0,0,0,0,0,0,0,23558,21881,23581,0,0,0,0,0,5,3,8,0,0,0,0,0,0,0
214,Stormrage Raiment,,,Gewänder des Sturmgrimm,怒风,Одеяния Ярости Бури,Vestiduras de Tempestira,Traje Tempesfúria,4128894,16903,16898,16904,16897,16900,16899,16901,16902,0,0,0,0,0,0,0,0,0,21894,21872,21871,0,0,0,0,0,3,5,8,0,0,0,0,0,0,0
215,Dragonstalker Armor,,,Rüstung des Drachenjägers,巨龙追猎者,Доспехи Охотника на Драконов,Armadura de Acechadragón,Armadura do Espreita-Dragão,4128894,16936,16935,16942,16940,16941,16939,16938,16937,0,0,0,0,0,0,0,0,0,21928,23578,23559,0,0,0,0,0,5,8,3,0,0,0,0,0,0,0
216,Garb of the Ten Storms,,,Die zehn Stürme,无尽风暴,Одеяние Десяти Бурь,Atuendo de las Diez Tormentas,Trajes das Dez Tempestades,4128894,16944,16943,16950,16945,16948,16949,16947,16946,0,0,0,0,0,0,0,0,0,51864,51868,51870,0,0,0,0,0,3,5,8,0,0,0,0,0,0,0
217,Judgement Armor,,,Rüstung des Richturteils,审判,Доспехи Правосудия,Armadura de la Sentencia,Armadura Do Julgamento,4128894,16952,16951,16958,16955,16956,16954,16957,16953,0,0,0,0,0,0,0,0,0,18037,51807,51809,0,0,0,0,0,3,5,8,0,0,0,0,0,0,0
218,Battlegear of Wrath,,,Schlachtrüstung des Zorns,愤怒,Броня Гнева,Equipo de Batalla de la Cólera,Equipamento de Batalha Da Ira,4128894,16959,16966,16964,16963,16962,16961,16965,16960,0,0,0,0,0,0,0,0,0,23563,21890,23548,0,0,0,0,0,3,5,8,0,0,0,0,0,0,0
221,Garb of Thero-shan,,,Thero-shan's Gewand,塞奥沙套装,Одеяния Теро-шана,Atuendo de Thero-shan,Trajes de Thero-Shan,4128894,7950,7948,7952,7951,7953,7949,0,0,0,0,0,0,0,0,0,0,0,7597,0,0,0,0,0,0,0,6,0,0,0,0,0,0,0,0,0
241,Shard of the Gods,,,Splitter der Götter,天神碎片,Осколок Богов,Fragmentos de los Dioses,Estilhaço Dos Deuses,4128894,17082,17064,0,0,0,0,0,0,0,0,0,0,0,0,0,0,0,18681,21629,21603,0,0,0,0,0,2,2,2,0,0,0,0,0,0,0
261,Spirit of Eskhandar,,,Seele des Eskhandar,艾斯卡达尔之魂,Дух Эсхандара,Espíritu de Eskhandar,Espírito de Eskhandar,4128894,18203,18202,18204,18205,0,0,0,0,0,0,0,0,0,0,0,0,0,22648,0,0,0,0,0,0,0,4,0,0,0,0,0,0,0,0,0
281,Champion's Battlegear,,,Schlachtrüstung des Feldherren,勇士的战甲,Броня Защитника,Equipo de Batalla de Campeón,Equipamento de Batalha Do Campeão,4128894,16509,16510,16513,16515,16514,16516,0,0,0,0,0,0,0,0,0,0,0,13665,14462,22738,45530,0,0,0,0,2,6,4,2,0,0,0,0,0,0
282,Lieutenant Commander's Battlegear,,,Schlachtrüstung des Feldkommandanten,少校的战甲,Броня Лейтенанта-Командора,Equipo de Batalla de Teniente Coronel,Equipamento de Batalha do Tenente-Comandante,4128894,16405,16406,16430,16431,16429,16432,0,0,0,0,0,0,0,0,0,0,0,13665,14462,22738,45530,0,0,0,0,2,6,4,2,0,0,0,0,0,0
301,Champion's Earthshaker,,,Erderschütterer des Feldherren,勇士的震撼,Землекрушитель Защитника,Sacudetierra de Campeón,Treme-Terra do Campeão,4128894,16519,16518,16522,16523,16521,16524,0,0,0,0,0,0,0,0,0,0,0,14049,14462,22804,45530,0,0,0,0,2,6,4,2,0,0,0,0,0,0
321,Imperial Plate,,,Stolz des Imperiums,君王板甲,Имперские Латы,Placas Imperiales,Placa Imperial,4128894,12424,12426,12425,12422,12427,12429,12428,65007,0,0,0,0,0,0,0,0,0,15666,9335,14465,13665,0,0,0,0,2,4,6,8,0,0,0,0,0,0
341,Champion's Regalia,,,Ornat des Feldherren,勇士的法衣,Регалии Защитника,Atavío de Campeón,Paramentos Do Campeão,4128894,16485,16487,16491,16490,16489,16492,0,0,0,0,0,0,0,0,0,0,0,14047,23025,14462,45530,0,0,0,0,2,4,6,6,0,0,0,0,0,0
342,Champion's Raiment,,,Gewandung des Feldherren,勇士的神服,Одеяния Защитника,Vestiduras de Campeón,Traje Do Campeão,4128894,17616,17617,17612,17611,17613,17610,0,0,0,0,0,0,0,0,0,0,0,14047,23044,14462,45530,0,0,0,0,2,4,6,6,0,0,0,0,0,0
343,Lieutenant Commander's Regalia,,,Ornat des Feldkommandanten,少校的法衣,Регалии Лейтенанта-Командора,Atavío de Teniente Coronel,Paramentos do Tenente-Comandante,4128894,16369,16391,16413,16414,16416,16415,0,0,0,0,0,0,0,0,0,0,0,14047,23025,14462,45530,0,0,0,0,2,4,6,6,0,0,0,0,0,0
344,Lieutenant Commander's Raiment,,,Gewandung des Feldkommandanten,少校的神服,Одеяния Лейтенанта-Командора,Vestiduras de Teniente Coronel,Traje do Tenente-Comandante,4128894,17594,17596,17600,17599,17598,17601,0,0,0,0,0,0,0,0,0,0,0,23044,14047,14462,45530,0,0,0,0,4,2,6,6,0,0,0,0,0,0
345,Champion's Threads,,,Robe des Feldherren,勇士的魔装,Нити Защитника,Vestuario de Campeón,Andrajos Do Campeão,4128894,17576,17577,17572,17571,17570,17573,0,0,0,0,0,0,0,0,0,0,0,14047,14462,23047,45530,0,0,0,0,2,6,4,6,0,0,0,0,0,0
346,Lieutenant Commander's Threads,,,Roben des Feldkommandanten,少校的魔装,Нити Лейтенанта-Командора,Vestuario de Teniente Coronel,Andrajos do Tenente-Comandante,4128894,17562,17564,17568,17567,17569,17566,0,0,0,0,0,0,0,0,0,0,0,14047,14462,23047,45530,0,0,0,0,2,6,4,6,0,0,0,0,0,0
347,Champion's Vestments,,,Gewänder des Feldherren,勇士的制服,Одеяния Защитника,Vestimentas de Campeón,Vestimenta Do Campeão,4128894,16498,16499,16505,16508,16506,16507,0,0,0,0,0,0,0,0,0,0,0,13665,14462,23048,45530,0,0,0,0,2,6,4,6,0,0,0,0,0,0
348,Lieutenant Commander's Vestments,,,Gewänder des Feldkommandanten,少校的制服,Облачение Лейтенанта-Командора,Vestimentas de Teniente Coronel,Vestimenta do Tenente-Comandante,4128894,16392,16396,16417,16419,16420,16418,0,0,0,0,0,0,0,0,0,0,0,13665,23048,14462,45530,0,0,0,0,2,4,6,6,0,0,0,0,0,0
361,Champion's Pursuit,,,Lohn des Feldherren,勇士的猎装,Облачение Защитника,Persecución de Campeón,Perseguição Do Campeão,4128894,16531,16530,16525,16527,16526,16528,0,0,0,0,0,0,0,0,0,0,0,13665,23158,14462,45530,0,0,0,0,2,4,6,6,0,0,0,0,0,0
362,Lieutenant Commander's Pursuit,,,Lohn des Feldkommandanten,少校的猎装,Облачение Лейтенанта-Командора,Persecución de Teniente Coronel,Perseguição do Tenente-Comandante,4128894,16425,16426,16401,16403,16428,16427,0,0,0,0,0,0,0,0,0,0,0,13665,23158,14462,45530,0,0,0,0,2,4,6,6,0,0,0,0,0,0
381,Lieutenant Commander's Sanctuary,,,Zierat des Feldkommandanten,少校的圣装,Снаряжение Лейтенанта-Командора,Santuario de Teniente Coronel,Santuário do Tenente-Comandante,4128894,16423,16424,16422,16421,16393,16397,0,0,0,0,0,0,0,0,0,0,0,14049,23218,14462,45530,0,0,0,0,2,4,6,6,0,0,0,0,0,0
382,Champion's Sanctuary,,,Zierat des Feldherren,勇士的圣装,Снаряжение Защитника,Santuario de Campeón,Santuário Do Campeão,4128894,16494,16496,16504,16502,16503,16501,0,0,0,0,0,0,0,0,0,0,0,23218,14049,14462,45530,0,0,0,0,4,2,6,6,0,0,0,0,0,0
383,Warlord's Battlegear,,,Schlachtrüstung des Kriegsfürsten,督军的战甲,Броня Вождя,Equipo de Batalla de Señor de la Guerra,Equipamento de Batalha Do Senhor Da Guerra,4128894,16541,16542,16544,16545,16548,16543,0,0,0,0,0,0,0,0,0,0,0,14049,22738,14467,45530,0,0,0,0,6,3,2,2,0,0,0,0,0,0
384,Field Marshal's Battlegear,,,Schlachtrüstung des Feldmarschalls,元帅的战甲,Броня Фельдмаршала,Equipo de Batalla de Mariscal de Campo,Equipamento de Batalha do Marechal-de-Campo,4128894,16477,16478,16480,16483,16484,16479,0,0,0,0,0,0,0,0,0,0,0,14467,22738,14049,45530,0,0,0,0,2,3,6,2,0,0,0,0,0,0
386,Warlord's Earthshaker,,,Erderschütterer des Kriegsfürsten,督军的震撼,Землекрушитель Вождя,Sacudetierra de Señor de la Guerra,Treme-Terra do Senhor da Guerra,4128894,16577,16578,16580,16573,16574,16579,0,0,0,0,0,0,0,0,0,0,0,22804,14467,14049,45530,0,0,0,0,3,2,6,2,0,0,0,0,0,0
387,Warlord's Regalia,,,Ornat des Kriegsfürsten,督军的法衣,Регалии Вождя,Atavío de Señor de la Guerra,Paramentos Do Senhor Da Guerra,4128894,16536,16533,16535,16539,16540,16534,0,0,0,0,0,0,0,0,0,0,0,14047,14467,23025,45530,0,0,0,0,6,2,3,2,0,0,0,0,0,0
388,Field Marshal's Regalia,,,Ornat des Feldmarschalls,元帅的法衣,Регалии Фельдмаршала,Atavío de Mariscal de Campo,Paramentos do Marechal-de-Campo,4128894,16441,16444,16443,16437,16440,16442,0,0,0,0,0,0,0,0,0,0,0,14047,14467,23025,45530,0,0,0,0,6,2,3,2,0,0,0,0,0,0
389,Field Marshal's Raiment,,,Gewandung des Feldmarschalls,元帅的神服,Одеяния Фельдмаршала,Vestiduras de Mariscal de Campo,Traje do Marechal-de-Campo,4128894,17604,17603,17605,17608,17607,17602,0,0,0,0,0,0,0,0,0,0,0,14047,14467,23044,45530,0,0,0,0,6,2,3,2,0,0,0,0,0,0
390,Warlord's Raiment,,,Gewandung des Kriegsfürsten,督军的神服,Облачение Вождя,Vestiduras de Señor de la Guerra,Traje Do Senhor Da Guerra,4128894,17623,17625,17622,17624,17618,17620,0,0,0,0,0,0,0,0,0,0,0,23044,14047,14467,45530,0,0,0,0,3,6,2,2,0,0,0,0,0,0
391,Warlord's Threads,,,Roben des Kriegsfürsten,督军的魔装,Нити Вождя,Vestuario de Señor de la Guerra,Andrajos Do Senhor Da Guerra,4128894,17586,17588,17593,17591,17590,17592,0,0,0,0,0,0,0,0,0,0,0,14467,23047,14047,45530,0,0,0,0,2,3,6,2,0,0,0,0,0,0
392,Field Marshal's Threads,,,Roben des Feldmarschalls,元帅的魔装,Нити Фельдмаршала,Vestuario de Mariscal de Campo,Andrajos do Marechal-de-Campo,4128894,17581,17580,17583,17584,17579,17578,0,0,0,0,0,0,0,0,0,0,0,14047,23047,14467,45530,0,0,0,0,6,3,2,2,0,0,0,0,0,0
393,Warlord's Vestments,,,Gewänder des Kriegsfürsten,督军的制服,Облачение Полководца,Vestimentas de Señor de la Guerra,Vestimenta Do Senhor Da Guerra,4128894,16563,16561,16562,16564,16560,16558,0,0,0,0,0,0,0,0,0,0,0,14467,23048,14049,45530,0,0,0,0,2,3,6,2,0,0,0,0,0,0
394,Field Marshal's Vestments,,,Gewänder des Feldmarschalls,元帅的制服,Одеяния Фельдмаршала,Vestimentas de Mariscal de Campo,Vestimenta do Marechal-de-Campo,4128894,16453,16457,16455,16446,16454,16456,0,0,0,0,0,0,0,0,0,0,0,14049,23048,14467,45530,0,0,0,0,6,3,2,2,0,0,0,0,0,0
395,Field Marshal's Pursuit,,,Lohn des Feldmarschalls,元帅的猎装,Облачение Фельдмаршала,Persecución de Mariscal de Campo,Perseguição do Marechal-de-Campo,4128894,16466,16465,16468,16462,16463,16467,0,0,0,0,0,0,0,0,0,0,0,23158,14384,14467,45530,0,0,0,0,3,6,2,2,0,0,0,0,0,0
396,Warlord's Pursuit,,,Lohn des Kriegsfürsten,督军的猎装,Облачение Вождя,Persecución de Señor de la Guerra,Perseguição Do Senhor Da Guerra,4128894,16569,16571,16567,16565,16566,16568,0,0,0,0,0,0,0,0,0,0,0,14467,14384,23158,45530,0,0,0,0,2,6,3,2,0,0,0,0,0,0
397,Field Marshal's Sanctuary,,,Zierat des Feldmarschalls,元帅的圣装,Снаряжение Фельдмаршала,Santuario del Mariscal de Campo,Santuário do Marechal-de-Campo,4128894,16452,16451,16449,16459,16448,16450,0,0,0,0,0,0,0,0,0,0,0,14467,14049,23218,45530,0,0,0,0,2,6,3,2,0,0,0,0,0,0
398,Warlord's Sanctuary,,,Zierat des Kriegsfürsten,督军的圣装,Снаряжение Военачальника,Santuario de Señor de la Guerra,Santuário Do Senhor Da Guerra,4128894,16554,16555,16552,16551,16549,16550,0,0,0,0,0,0,0,0,0,0,0,23218,14049,14467,45530,0,0,0,0,3,6,2,2,0,0,0,0,0,0
401,Lieutenant Commander's Aegis,,,Aegis des Feldkommandanten,少校的庇护,Эгида Лейтенанта-Командора,Égida de Teniente Coronel,Édige do Tenente-Comandante,4128894,16410,16409,16433,16435,16434,16436,0,0,0,0,0,0,0,0,0,0,0,28118,7496,14462,23302,45530,0,0,0,2,2,6,4,6,0,0,0,0,0
402,Field Marshal's Aegis,,,Aegis des Feldmarschalls,元帅的庇护,Эгида Фельдмаршала,Égida de Mariscal de Campo,Égide do Marechal-de-Campo,4128894,16473,16474,16476,16472,16471,16475,0,0,0,0,0,0,0,0,0,0,0,23302,14467,14047,45530,0,0,0,0,3,2,6,6,0,0,0,0,0,0
421,Bloodvine Garb,,,Blutrebengewand,血藤,Одеяния Кровавой Лозы,Atuendo de Vid de Sangre,Trajes de Vinassangre,4128894,19682,19683,19684,0,0,0,0,0,0,0,0,0,0,0,0,0,0,45501,0,0,0,0,0,0,0,3,0,0,0,0,0,0,0,197,300
441,Primal Batskin,,,Urzeitliche Fledermaushaut,原始蝙蝠皮套装,Простая Шкура Нетопыря,Piel de Murciélago Primigenia,Pele de Morcego Primeva,4128894,19685,19687,19686,0,0,0,0,0,0,0,0,0,0,0,0,0,0,24090,0,0,0,0,0,0,0,3,0,0,0,0,0,0,0,165,300
442,Blood Tiger Harness,,,Harnisch des Bluttigers,血虎,Доспехи Кровавого Тигра,Arnés de Tigre de Sangre,Arnês Do Tigre Sangrento,4128894,19688,19689,0,0,0,0,0,0,0,0,0,0,0,0,0,0,0,45498,0,0,0,0,0,0,0,2,0,0,0,0,0,0,0,165,300
443,Bloodsoul Embrace,,,Umarmung der Blutseele,血魂的拥抱,Объятия Кровавого Духа,Abrazo de Alma de Sangre,Abraço Almassangre,4128894,19690,19691,19692,0,0,0,0,0,0,0,0,0,0,0,0,0,0,21636,0,0,0,0,0,0,0,3,0,0,0,0,0,0,0,0,0
444,The Darksoul,,,Die dunkle Seele,黑暗之魂,Темная Душа,El Almanegra,O Almanegra,4128894,19693,19694,19695,0,0,0,0,0,0,0,0,0,0,0,0,0,0,21416,0,0,0,0,0,0,0,3,0,0,0,0,0,0,0,164,300
461,The Twin Blades of Hakkari,,,Die Zwillingsklingen von Hakkari,哈卡莱双刃,Парные Клинки Хаккари,Las Hojas Gemelas de Hakkari,As Lâminas Gêmeas de Hakkari,4128894,19865,19866,0,0,0,0,0,0,0,0,0,0,0,0,0,0,0,15763,0,0,0,0,0,0,0,2,0,0,0,0,0,0,0,0,0
462,Zanzil's Concentration,,,Zanzils Konzentration,赞吉尔的专注,Сосредоточение Занзила,Concentración de Zanzil,Concentração de Zanzil,4128894,19905,19893,0,0,0,0,0,0,0,0,0,0,0,0,0,0,0,23727,9396,0,0,0,0,0,0,2,2,0,0,0,0,0,0,0,0
463,Primal Blessing,,,Ursegen,原始祝福,Простое Благословение,Bendición Primigenia,Bênção Primeva,4128894,19896,19910,0,0,0,0,0,0,0,0,0,0,0,0,0,0,0,24256,0,0,0,0,0,0,0,2,0,0,0,0,0,0,0,0,0
464,Overlord's Resolution,,,Erlass des Oberherren,督军的决心,Решимость Властителя,Resolución de Señor Supremo,Determinação Do Lorde Supremo,4128894,19873,19912,0,0,0,0,0,0,0,0,0,0,0,0,0,0,0,13669,0,0,0,0,0,0,0,2,0,0,0,0,0,0,0,0,0
465,Prayer of the Primal,,,Gebet der Uralten,远古祷言,Молитва Изначального,Rezo del Primigenio,Prece Dos Primevos,4128894,19863,19920,0,0,0,0,0,0,0,0,0,0,0,0,0,0,0,9318,0,0,0,0,0,0,0,2,0,0,0,0,0,0,0,0,0
466,Major Mojo Infusion,,,Kraft des Mojo,极效魔精套装,Великое Вуду,Infusión de Mojo Sublime,Infusão Maior de Mojo,4128894,19898,19925,0,0,0,0,0,0,0,0,0,0,0,0,0,0,0,9336,0,0,0,0,0,0,0,2,0,0,0,0,0,0,0,0,0
467,The Highlander's Resolution,,,Unbeugsamkeit des Highlander,高地人的决心,Решимость Горца,Resolución del Montañés,A Resolução Das Terras Altas,4128894,20041,20048,20057,0,0,0,0,0,0,0,0,0,0,0,0,0,0,7503,7597,45530,0,0,0,0,0,2,3,3,0,0,0,0,0,0,0
468,The Highlander's Resolve,,,Entschlossenheit des Highlander,高地人的执著,Твердость Горца,Decisión del Montañés,A Decisão Das Terras Altas,4128894,20042,20049,20058,0,0,0,0,0,0,0,0,0,0,0,0,0,0,7597,7503,45530,0,0,0,0,0,3,2,3,0,0,0,0,0,0,0
469,The Highlander's Determination,,,Inbrunst des Highlander,高地人的果断,Решимость Горца,Determinación del Montañés,A Determinação Das Terras Altas,4128894,20043,20050,20055,0,0,0,0,0,0,0,0,0,0,0,0,0,0,7503,7597,45530,0,0,0,0,0,2,3,3,0,0,0,0,0,0,0
470,The Highlander's Fortitude,,,Seelenkraft des Highlander,高地人的坚韧,Стойкость Горца,Entereza del Montañés,A Fortitude Das Terras Altas,4128894,20044,20051,20056,0,0,0,0,0,0,0,0,0,0,0,0,0,0,18384,7503,45530,0,0,0,0,0,3,2,3,0,0,0,0,0,0,0
471,The Highlander's Purpose,,,Schicksalsmacht des Highlander,高地人的毅力,Цель Горца,Propósito del Montañés,O Desígnio Das Terras Altas,4128894,20052,20045,20059,0,0,0,0,0,0,0,0,0,0,0,0,0,0,7503,7597,45530,0,0,0,0,0,2,3,3,0,0,0,0,0,0,0
472,The Highlander's Will,,,Wille des Highlander,高地人的意志,Воля Горца,Voluntad del Montañés,A Vontade Das Terras Altas,4128894,20053,20046,20060,0,0,0,0,0,0,0,0,0,0,0,0,0,0,18384,7503,45530,0,0,0,0,0,3,2,3,0,0,0,0,0,0,0
473,The Highlander's Intent,,,Eifer des Highlander,高地人的专注,Упорство Горца,Intención del Montañés,A Intenção Das Terras Altas,4128894,20054,20047,20061,0,0,0,0,0,0,0,0,0,0,0,0,0,0,7503,18384,18384,0,0,0,0,0,2,3,3,0,0,0,0,0,0,0
474,Vindicator's Battlegear,,,Schlachtrüstung des Vollstreckers,辩护者重甲,Броня Стража,Equipo de Batalla del Vindicador,Equipamento de Batalha Do Vindicante,4128894,19951,19577,19824,19823,19822,0,0,0,0,0,0,0,0,0,0,0,0,13675,24456,24431,0,0,0,0,0,2,3,5,0,0,0,0,0,0,0
475,Freethinker's Armor,,,Rüstung des Freidenkers,思考者护甲,Доспехи Вольнодумца,Armadura del Librepensador,Armadura do Livre-Pensador,4128894,19952,19588,19827,19826,19825,0,0,0,0,0,0,0,0,0,0,0,0,21618,23591,24460,0,0,0,0,0,2,3,5,0,0,0,0,0,0,0
476,Augur's Regalia,,,Ornat des Weissagers,预言者套装,Регалии Авгура,Atavío de Augur,Paramentos Do Áugure,4128894,19609,19956,19830,19829,19828,0,0,0,0,0,0,0,0,0,0,0,0,21618,24461,24462,0,0,0,0,0,2,3,5,0,0,0,0,0,0,0
477,Predator's Armor,,,Rüstung des Raubtiers,捕猎者套装,Доспехи Хищника,Armadura de Depredador,Armadura Do Predador,4128894,19621,19953,19833,19832,19831,0,0,0,0,0,0,0,0,0,0,0,0,9331,24465,24467,0,0,0,0,0,2,3,5,0,0,0,0,0,0,0
478,Madcap's Outfit,,,Rüstzeug des Wildfangs,狂妄者套装,Одеяния Безумца,Equipo del Loquillo,Equipamento Do Lunático,4128894,19617,19954,19836,19835,19834,0,0,0,0,0,0,0,0,0,0,0,0,9331,24469,24471,0,0,0,0,0,2,3,5,0,0,0,0,0,0,0
479,Haruspex's Garb,,,Gewänder des Haruspex,占卜师套装,Наряд Гаруспика,Atuendo de Haruspex,Traje Do Harúspice,4128894,19613,19955,19840,19839,19838,0,0,0,0,0,0,0,0,0,0,0,0,21618,24480,24479,0,0,0,0,0,2,5,3,0,0,0,0,0,0,0
480,Confessor's Raiment,,,Gewänder des Glaubenshüters,忏悔者衣饰,Облачение Исповедника,Vestiduras de Confesor,Traje Do Confessor,4128894,19594,19958,19843,19842,19841,0,0,0,0,0,0,0,0,0,0,0,0,9408,24483,24482,0,0,0,0,0,2,5,3,0,0,0,0,0,0,0
481,Demoniac's Threads,,,Roben des Besessenen,恶魔师护甲,Дьявольские Нити,Vestuario Demoníaco,Andrajos Do Demoníaco,4128894,19605,19957,19848,19849,20033,0,0,0,0,0,0,0,0,0,0,0,0,9417,24486,24487,0,0,0,0,0,2,3,5,0,0,0,0,0,0,0
482,Illusionist's Attire,,,Roben des Illusionisten,幻术师套装,Наряд Мастера Иллюзий,Atuendo del Ilusionista,Vestuário Do Ilusionista,4128894,19601,19959,19846,19845,20034,0,0,0,0,0,0,0,0,0,0,0,0,9417,24489,24491,0,0,0,0,0,2,3,5,0,0,0,0,0,0,0
483,The Defiler's Determination,,,Inbrunst der Entweihten,污染者的果断,Решимость Осквернителя,Determinación del Rapiñador,A Determinação Do Profanador,4128894,20158,20154,20150,0,0,0,0,0,0,0,0,0,0,0,0,0,0,7503,7597,45530,0,0,0,0,0,2,3,2,0,0,0,0,0,0,0
484,The Defiler's Fortitude,,,Seelenkraft der Entweihten,污染者的坚韧,Стойкость Осквернителя,Entereza del Rapiñador,A Fortitude Do Profanador,4128894,20195,20199,20203,0,0,0,0,0,0,0,0,0,0,0,0,0,0,7503,18384,45530,0,0,0,0,0,2,3,3,0,0,0,0,0,0,0
485,The Defiler's Intent,,,Eifer der Entweihten,污染者的专注,Цель Осквернителя,Intención del Rapiñador,A Intenção Do Profanador,4128894,20176,20159,20163,0,0,0,0,0,0,0,0,0,0,0,0,0,0,7503,18384,45530,0,0,0,0,0,2,3,3,0,0,0,0,0,0,0
486,The Defiler's Purpose,,,Schicksalsmacht der Entweihten,污染者的毅力,Решимость Осквернителя,Propósito del Rapiñador,O Desígnio Do Profanador,4128894,20186,20190,20194,0,0,0,0,0,0,0,0,0,0,0,0,0,0,7503,7597,45530,0,0,0,0,0,2,3,3,0,0,0,0,0,0,0
487,The Defiler's Resolution,,,Ledergut der Entweihten,污染者的决心,Решимость Осквернителя,Resolución del Rapiñador,A Resolução Do Profanador,4128894,20204,20208,20212,0,0,0,0,0,0,0,0,0,0,0,0,0,0,7503,7597,45530,0,0,0,0,0,2,3,3,0,0,0,0,0,0,0
488,The Defiler's Will,,,Wille der Entweihten,污染者的意志,Воля Осквернителя,Voluntad del Rapiñador,O Desejo Do Profanador,4128894,20167,20171,20175,0,0,0,0,0,0,0,0,0,0,0,0,0,0,7503,18384,45530,0,0,0,0,0,2,3,3,0,0,0,0,0,0,0
489,Black Dragon Mail,,,Schwarzer Drachenschuppenpanzer,黑龙锁甲,Кольчуга Черного Дракона,Malla de Dragón Negro,Malha Do Dragão Negro,4128894,16984,15050,15052,15051,0,0,0,0,0,0,0,0,0,0,0,0,0,15464,7598,14598,0,0,0,0,0,2,3,4,0,0,0,0,0,0,0
490,Green Dragon Mail,,,Grüner Drachenschuppenpanzer,绿龙锁甲,Кольчуга Зеленого Дракона,Malla de Dragón Verde,Malha Do Dragão Verde,4128894,15045,15046,20296,0,0,0,0,0,0,0,0,0,0,0,0,0,0,21625,21894,0,0,0,0,0,0,2,3,0,0,0,0,0,0,0,0
491,Blue Dragon Mail,,,Blauer Drachenschuppenpanzer,蓝龙锁甲,Кольчуга Синего Дракона,Malla de Dragón Azul,Malha Do Dragão Azul,4128894,15048,20295,15049,65015,0,0,0,0,0,0,0,0,0,0,0,0,0,18675,14127,45543,0,0,0,0,0,2,3,4,0,0,0,0,0,0,0
492,Twilight Trappings,,,Zwielichtzierat,暮光套装,Сумеречное Облачение,Ajuar Crepuscular,Ornamentos Do Crepúsculo,4128894,20406,20408,20407,0,0,0,0,0,0,0,0,0,0,0,0,0,0,24746,0,0,0,0,0,0,0,3,0,0,0,0,0,0,0,0,0
493,Genesis Regalia,,,Gewänder des Genesis,起源套装,Регалии Бытия,Vestiduras Génesis,Paramentos da Gênese,4128894,21355,21353,21354,21356,21357,0,0,0,0,0,0,0,0,0,0,0,0,26106,18056,0,0,0,0,0,0,5,3,0,0,0,0,0,0,0,0
494,Symbols of Unending Life,,,Symbole des Endlosen Lebens,不灭的生命,Символы Бесконечной Жизни,Símbolos de Vida Inagotable,Símbolos Da Vida Interminável,4128894,21408,21409,21407,0,0,0,0,0,0,0,0,0,0,0,0,0,0,26107,52697,52693,0,0,0,0,0,2,3,3,0,0,0,0,0,0,0
495,Battlegear of Unyielding Strength,,,Schlachtrüstung der unnachgiebigen Stärke,坚定的力量,Броня Непреклонной Силы,Equipo de Batalla de Fuerza Implacable,Equipamento de Batalha Da Força Obstinada,4128894,21394,21392,21393,0,0,0,0,0,0,0,0,0,0,0,0,0,0,26111,52686,0,0,0,0,0,0,2,3,0,0,0,0,0,0,0,0
496,Conqueror's Battlegear,,,Schlachtrüstung des Eroberers,征服者,Броня Завоевателя,Equipo de Batalla de Conquistador,Equipamento de Guerra Do Conquistador,4128894,21331,21329,21333,21332,0,21330,0,0,0,0,0,0,0,0,0,0,0,26109,26110,0,0,0,0,0,0,3,5,0,0,0,0,0,0,0,0
497,Deathdealer's Embrace,,,Umarmung des Todesboten,死亡执行者的拥抱,Объятия Смертоносца,Abrazo de Mortífero,Abraço Do Causamortis,4128894,0,21359,21360,21361,21362,21364,0,0,0,0,0,0,0,0,0,0,0,26112,26113,0,0,0,0,0,0,3,5,0,0,0,0,0,0,0,0
498,Emblems of Veiled Shadows,,,Emblem der Schattenschleier,笼罩之阴影,Знаки Скрытых Теней,Emblemas de las Sombras Ocultas,Emblemas Das Sombras Veladas,4128894,21405,21406,21404,0,0,0,0,0,0,0,0,0,0,0,0,0,0,26114,52688,0,0,0,0,0,0,2,3,0,0,0,0,0,0,0,0
499,Doomcaller's Raiment,,,Mantel des Verdammnisrufers,厄运召唤者,Одеяние Призывателя Рока,Vestiduras de Clamacondenas,Traje do Arauto da Ruína,4128894,21337,21338,21335,21334,21336,0,0,0,0,0,0,0,0,0,0,0,0,26117,26116,0,0,0,0,0,0,5,3,0,0,0,0,0,0,0,0
500,Implements of Unspoken Names,,,Ritualroben der ungesagten Namen,禁断的邪语,Воплощение Неназванных Имен,Implementos de los Nombres Prohibidos,Implementos Dos Nomes Proibidos,4128894,21416,21417,21418,0,0,0,0,0,0,0,0,0,0,0,0,0,0,26118,52681,52682,0,0,0,0,0,2,3,3,0,0,0,0,0,0,0
501,Stormcaller's Garb,,,Gewänder des Sturmrufers,风暴召唤者,Одеяния Зова Бури,Atuendo de Clamatormentas,Traje Do Tempestário,4128894,21372,21373,21374,21375,21376,0,0,0,0,0,0,0,0,0,0,0,0,26119,51884,0,0,0,0,0,0,3,5,0,0,0,0,0,0,0,0
502,Gift of the Gathering Storm,,,Gabe der aufziehenden Stürme,聚集的风暴,Дар Надвигающейся Бури,Ofrenda de la Tormenta Inminente,Dádiva Da Tempestade Iminente,4128894,21400,21398,21399,0,0,0,0,0,0,0,0,0,0,0,0,0,0,26123,52701,0,0,0,0,0,0,2,3,0,0,0,0,0,0,0,0
503,Enigma Regalia,,,Gewänder des Mysteriums,神秘套装,Регалии Тайны,Atavío Enigma,Paramentos do Enigma,4128894,21344,21347,21346,21343,21345,0,0,0,0,0,0,0,0,0,0,0,0,26127,26128,0,0,0,0,0,0,3,5,0,0,0,0,0,0,0,0
504,Trappings of Vaulted Secrets,,,Zierat der behüteten Geheimnisse,魔法的秘密,Облачение Погребенных Тайн,Ajuar de Secretos Oscuros,Ornamentos Dos Segredos Obscuros,4128894,21414,21413,21415,0,0,0,0,0,0,0,0,0,0,0,0,0,0,26131,52690,0,0,0,0,0,0,2,3,0,0,0,0,0,0,0,0
505,Avenger's Battlegear,,,Schlachtrüstung des Rächers,复仇者,Броня Мстителя,Equipo de Batalla del Vengador,Equipamento de Batalha Do Vingador,4128894,21389,21387,21388,21390,21391,0,0,0,0,0,0,0,0,0,0,0,0,51818,28264,0,0,0,0,0,0,3,5,0,0,0,0,0,0,0,0
506,Battlegear of Eternal Justice,,,Schlachtrüstung der ewigen Gerechtigkeit,永恒的公正,Броня Вечной Справедливости,Equipo de Batalla de Justicia Eterna,Equipamento de Batalha Da Justiça Eterna,4128894,21397,21395,21396,0,0,0,0,0,0,0,0,0,0,0,0,0,0,26135,52698,0,0,0,0,0,0,2,3,0,0,0,0,0,0,0,0
507,Regalia of the Oracle,,,Gewänder des Orakels,神谕者,Регалии Оракула,Atavío del Oráculo,Paramentos do Oráculo,4128894,21349,21350,21348,21352,21351,0,0,0,0,0,0,0,0,0,0,0,0,51789,51796,0,0,0,0,0,0,3,5,0,0,0,0,0,0,0,0
508,Finery of Infinite Wisdom,,,Pracht der unendlichen Weisheit,无尽的智慧,Облачение Бесконечной Мудрости,Galas de Sabiduría Infinita,Ornato Da Sabedoria Infinita,4128894,21410,21411,21412,0,0,0,0,0,0,0,0,0,0,0,0,0,0,26172,52699,0,0,0,0,0,0,2,3,0,0,0,0,0,0,0,0
509,Striker's Garb,,,Gewand des hetzers,攻击者,Одеяния Бойца,Atuendo de Asediador,Vestes Do Atirador,4128894,21366,21365,21370,21368,21367,0,0,0,0,0,0,0,0,0,0,0,0,26173,26174,0,0,0,0,0,0,3,5,0,0,0,0,0,0,0,0
510,Trappings of the Unseen Path,,,Zierat des unsichtbaren Pfads,隐秘的通途,Ловушки Незримого Пути,Ajuar de la Senda Oculta,Ornamentos Do Caminho Oculto,4128894,21403,21401,21402,0,0,0,0,0,0,0,0,0,0,0,0,0,0,26176,52685,52684,0,0,0,0,0,2,3,3,0,0,0,0,0,0,0
511,Battlegear of Heroism,,,Schlachtrüstung des Heldentums,英勇,Броня Героизма,Equipo de Batalla de Heroísmo,Equipamento de Batalha Do Heroísmo,4128894,21994,21995,21996,21997,21998,21999,22000,22001,0,0,0,0,0,0,0,0,0,0,14049,18679,27419,14803,0,0,0,0,6,2,4,8,0,0,0,0,0
512,Darkmantle Armor,,,Dunkelmantelrüstung,暗幕,Доспехи Покрова Тьмы,Armadura Mantoscuro,Armadura Do Manto Negro,4128894,22002,22003,22004,22005,22006,22007,22008,22009,0,0,0,0,0,0,0,0,0,0,14049,18679,27787,14803,0,0,0,0,6,2,4,8,0,0,0,0,0
513,Moonheart Raiment,,,Ornat des Mondherzen,狂野之心,Одеяния Лунного Сердца,Vestiduras Cuoroferal,Traje do Coração Lunar,4128894,22106,22107,22108,22109,22110,22111,22112,22113,0,0,0,0,0,0,0,0,0,14047,0,18679,0,27781,14803,0,0,6,6,2,0,4,8,0,0,0,0
514,Vestments of the Virtuous,,,Gewänder des Tugendhaften,坚贞,Ризы Добродетели,Vestimentas del Virtuoso,Vestimenta Do Virtuoso,4128894,22078,22079,22080,22081,22082,22083,22084,22085,0,0,0,0,0,0,0,0,0,0,14047,18679,27778,14803,0,0,0,0,6,2,4,8,0,0,0,0,0
515,Beastmaster Armor,,,Rüstung der Tierherrschaft,兽王,Доспехи Повелителя Зверей,Armadura de Maestro de Bestias,Armadura Do Senhor Das Feras,4128894,22010,22011,22061,22013,22015,22016,22017,22060,0,0,0,0,0,0,0,0,0,0,0,0,0,14049,18679,27785,14803,0,0,0,0,6,2,4,8,0,0
516,Soulforge Armor,,,Rüstung der Seelenschmiede,魂铸,Доспехи Закаленного Духа,Armadura Forjaalma,Armadura Da Forja Da Alma,4128894,22086,22087,22088,22089,22090,22091,22092,22093,0,0,0,0,0,0,0,0,0,0,14049,18679,27498,14803,0,0,0,0,6,2,4,8,0,0,0,0,0
517,Sorcerer's Regalia,,,Ornat der Zauberkünste,巫师,Регалии Чародея,Atavío de Hechicero,Paramentos Do Feiticeiro,4128894,22062,22063,22064,22065,22066,22067,22068,22069,0,0,0,0,0,0,0,0,0,0,0,0,14803,27867,18679,14047,0,0,0,0,8,4,2,6,0,0,0
518,Deathmist Raiment,,,Roben des Todesnebels,死雾,Одеяния Тумана Смерти,Vestiduras Brumamorta,Traje Brumorte,4128894,22070,22071,22072,22073,22074,22075,22076,22077,0,0,0,0,0,0,0,0,0,0,0,14047,18679,27780,14803,0,0,0,0,6,2,4,8,0,0,0,0
519,The Five Thunders,,,Die fünf Donner,五雷,Пять Громов,Los Cinco Truenos,Os Cinco Trovões,4128894,22095,22096,22097,22098,22099,22100,22101,22102,0,0,0,0,0,0,0,0,0,0,0,0,14047,18679,27774,14803,0,0,0,0,6,2,4,8,0,0,0
520,Ironweave Battlesuit,,,Eisengewebte Kampfrüstung,铁纹作战套装,Железнотканые Доспехи,Traje de Batalla de Hilacero,Traje de Batalha de Tramaférrea,4128894,22306,22311,22313,22302,22304,22305,22303,22301,0,0,0,0,0,0,0,0,0,27733,23727,13669,14462,15957,0,0,0,2,6,6,4,8,0,0,0,0,0
521,Dreamwalker Raiment,,,Gewänder des Traumwandlers,梦游者,Одеяния Сновидца,Vestiduras Caminasueños,Traje Andassonho,4128894,22492,22494,22493,22490,22489,22491,22488,22495,23064,0,0,0,0,0,0,0,0,28743,28744,28716,28719,0,0,0,0,4,6,2,8,0,0,0,0,0,0
522,Champion's Guard,,,Verteidigung des Feldherren,勇士的套装,Стража Защитника,Guardia de Campeón,Guarda Do Campeão,4128894,22864,22856,22879,22880,23257,23258,0,0,0,0,0,0,0,0,0,0,0,14049,23048,14467,0,0,0,0,0,2,4,6,0,0,0,0,0,0,0
523,Dreadnaught's Battlegear,,,Schlachtrüstung des Schreckenspanzers,无畏,Броня Дредноута,Equipo de Batalla Acorator,Equipamento de Batalha Couraçado,4128894,22423,22416,22421,22422,22418,22417,22419,22420,0,23059,0,0,0,0,0,0,0,28842,28844,28843,28845,0,0,0,0,6,2,4,8,0,0,0,0,0,0
524,Bonescythe Armor,,,Rüstung der Knochensense,骨镰,Доспехи Костяной Косы,Armadura Segahuesos,Armadura Ceifa-Ossos,4128894,22483,22476,22481,22478,22477,22479,22480,22482,23060,0,0,0,0,0,0,0,0,28812,28814,28816,28811,0,0,0,0,4,8,2,6,0,0,0,0,0,0
525,Vestments of Faith,,,Gewänder des Glaubens,信仰,Ризы Веры,Vestimentas de Fe,Vestimenta Da Fé,4128894,22518,22519,22514,22517,22513,22512,22516,22515,23061,0,0,0,0,0,0,0,0,28809,28802,28807,28808,0,0,0,0,4,8,2,6,0,0,0,0,0,0
526,Frostfire Regalia,,,Ornat des Frostfeuers,霜火,Регалии Ледяного Пламени,Atavío de Fuego de Escarcha,Paramentos de Fogofrio,4128894,22502,22503,22498,22501,22497,22496,22500,22499,23062,0,0,0,0,0,0,0,0,28771,28763,28761,28764,0,0,0,0,6,2,8,4,0,0,0,0,0,0
527,The Earthshatterer,,,Der Erdspalter,碎地者,Землекрушитель,El Trizaterrador,O Quebraterra,4128894,22468,22470,22469,22466,22465,22467,22464,22471,23065,0,0,0,0,0,0,0,0,28823,29171,28818,28821,0,0,0,0,6,4,2,8,0,0,0,0,0,0
528,Redemption Armor,,,Rüstung der Erlösung,救赎,Доспехи Возмездия,Armadura de Redención,Armadura Da Redenção,4128894,22430,22431,22426,22428,22427,22429,22425,22424,23066,0,0,0,0,0,0,0,0,51820,28774,51821,28787,0,0,0,0,2,4,6,8,0,0,0,0,0,0
529,Plagueheart Raiment,,,Gewänder des Seuchenherzens,瘟疫之心,Облачение Проклятого Сердца,Vestiduras Corazón de Peste,Traje Coração Pestilento,4128894,22510,22511,22506,22509,22505,22504,22508,22507,23063,0,0,0,0,0,0,0,0,28829,28830,28831,28746,0,0,0,0,4,8,2,6,0,0,0,0,0,0
530,Cryptstalker Armor,,,Rüstung des Gruftläufers,地穴追猎者,Доспехи Расхитителя Гробниц,Armadura de Acechacriptas,Armadura Do Criptalante,4128894,22440,22442,22441,22438,22437,22439,22436,22443,23067,0,0,0,0,0,0,0,0,28752,28751,28756,28755,0,0,0,0,6,8,4,2,0,0,0,0,0,0
533,Battlegear of Undead Slaying,,,Kampfrüstung des Untotenschlachtens,亡灵毁灭者,Броня Истребления Нежити,Equipo de Batalla de Matanza de No-muertos,Equipamento de Batalha de Matar Mortos-vivos,4128894,23090,23087,23078,0,0,0,0,0,0,0,0,0,0,0,0,0,0,29068,0,0,0,0,0,0,0,3,0,0,0,0,0,0,0,0,0
534,Undead Slayer's Armor,,,Rüstung des Untotenschlächters,亡灵屠戮者的护甲,Доспехи Истребителя Нежити,Armadura de Asesino de No-muertos,Armadura do Matador de Mortos-vivos,4128894,23081,23089,23093,0,0,0,0,0,0,0,0,0,0,0,0,0,0,29068,0,0,0,0,0,0,0,3,0,0,0,0,0,0,0,0,0
535,Garb of the Undead Slayer,,,Gesegnetes Gewand des Untotenschlächters,亡灵屠戮者的装备,Облачение Истребителя Нежити,Atuendo de Asesino de No-muertos,Trajes do Matador de Mortos-vivos,4128894,23088,23082,23092,0,0,0,0,0,0,0,0,0,0,0,0,0,0,29068,0,0,0,0,0,0,0,3,0,0,0,0,0,0,0,0,0
536,Regalia of Undead Cleansing,,,Ornat der Untotenbekämpfung,亡灵净化者,Регалии Зачистки Нежити,Atavío de Eliminación de No-muertos,Paramentos da Purificação de Mortos-vivos,4128894,23091,23084,23085,0,0,0,0,0,0,0,0,0,0,0,0,0,0,29068,0,0,0,0,0,0,0,3,0,0,0,0,0,0,0,0,0
537,Champion's Battlearmor,,,Schlachtrüstung des Champions,勇士的战铠,Латы Защитника,Armadura de Batalla de Campeón,Armadura de Batalha Do Campeão,4128894,22868,22858,22872,22873,23244,23243,0,0,0,0,0,0,0,0,0,0,0,14049,22738,14467,45530,0,0,0,0,2,4,6,6,0,0,0,0,0,0
538,Champion's Stormcaller,,,Sturmornat des Feldherren,勇士的风暴,Зов Бури Защитника,Clamatormentas de Campeón,Tempestário Do Campeão,4128894,22857,22867,22876,22887,23259,23260,0,0,0,0,0,0,0,0,0,0,0,14049,22804,14467,45530,0,0,0,0,2,4,6,6,0,0,0,0,0,0
539,Champion's Refuge,,,Haingewand des Feldherren,勇士的庇护,Спасение Защитника,Refugio de Campeón,Refúgio Do Campeão,4128894,22863,22852,22877,22878,23253,23254,0,0,0,0,0,0,0,0,0,0,0,14049,23218,14467,45530,0,0,0,0,2,4,6,6,0,0,0,0,0,0
540,Champion's Investiture,,,Würdengewand des Feldherren,勇士的授权,Убор Защитника,Investidura de Campeón,Investidura Do Campeão,4128894,22869,22859,22882,22885,23261,23262,0,0,0,0,0,0,0,0,0,0,0,14047,23044,14467,45530,0,0,0,0,2,4,6,6,0,0,0,0,0,0
541,Champion's Dreadgear,,,Schreckensrüstung des Feldherren,勇士的鬼纹,Грозные Доспехи Защитника,Equipo de Terror de Campeón,Equipamento Medonho Do Campeão,4128894,22865,22855,23255,23256,22881,22884,0,0,0,0,0,0,0,0,0,0,0,14467,14047,23047,45530,0,0,0,0,6,2,4,6,0,0,0,0,0,0
542,Champion's Arcanum,,,Arkanum des Feldherren,勇士的秘密,Тайна Защитника,Arcanum de Campeón,Arcano Do Campeão,4128894,22870,22860,23263,23264,22883,22886,0,0,0,0,0,0,0,0,0,0,0,14047,14467,23025,45530,0,0,0,0,2,6,4,6,0,0,0,0,0,0
543,Champion's Pursuance,,,Jagdrüstung des Feldherren,勇士的职责,Упорство Защитника,Cumplimiento de Campeón,Prossecução Do Campeão,4128894,22843,22862,23251,23252,22874,22875,0,0,0,0,0,0,0,0,0,0,0,23158,14467,14384,45530,0,0,0,0,4,6,2,6,0,0,0,0,0,0
544,Lieutenant Commander's Redoubt,,,Zeremonienrüstung des Feldkommandanten,少校的壁垒,Оплот Лейтенанта-Командора,Reducto de Teniente Coronel,Reduto do Tenente-Comandante,4128894,23272,23273,23274,23275,23276,23277,0,0,0,0,0,0,0,0,0,0,0,14047,14467,23302,45530,0,0,0,0,2,6,4,6,0,0,0,0,0,0
545,Lieutenant Commander's Battlearmor,,,Sturmrüstung des Feldkommandanten,少校的战铠,Боевые Доспехи Лейтенанта-Командора,Armadura de Batalla de Teniente Coronel,Armadura de Batalha do Tenente-Comandante,4128894,23300,23301,23286,23287,23314,23315,0,0,0,0,0,0,0,0,0,0,0,22738,14467,14049,45530,0,0,0,0,4,6,2,6,0,0,0,0,0,0
546,Lieutenant Commander's Arcanum,,,Arkanum des Feldkommandanten,少校的秘密,Тайна Лейтенанта-Командора,Arcanum de Teniente Coronel,Arcano do Tenente-Comandante,4128894,23304,23305,23290,23291,23318,23319,0,0,0,0,0,0,0,0,0,0,0,14047,14467,23025,45530,0,0,0,0,2,6,4,6,0,0,0,0,0,0
547,Lieutenant Commander's Dreadgear,,,Schreckensrüstung des Feldkommandanten,少校的鬼纹,Грозные Доспехи Лейтенанта-Командора,Equipo de Terror de Teniente Coronel,Equipamento Medonho do Tenente-Comandante,4128894,23296,23297,23282,23283,23310,23311,0,0,0,0,0,0,0,0,0,0,0,14047,14467,23047,45530,0,0,0,0,2,6,4,6,0,0,0,0,0,0
548,Lieutenant Commander's Guard,,,Gewänder des Feldkommandanten,少校的护卫,Стража Лейтенанта-Командора,Guardia de Teniente Coronel,Guarda do Tenente-Comandante,4128894,23298,23299,23284,23285,23312,23313,0,0,0,0,0,0,0,0,0,0,0,23048,14467,14049,45530,0,0,0,0,4,6,2,6,0,0,0,0,0,0
549,Lieutenant Commander's Investiture,,,Würdengewand des Feldkommandanten,少校的授权,Убор Лейтенанта-Командора,Investidura de Teniente Coronel,Investidura do Tenente-Comandante,4128894,23302,23303,23288,23289,23316,23317,0,0,0,0,0,0,0,0,0,0,0,14047,23044,14467,45530,0,0,0,0,2,4,6,6,0,0,0,0,0,0
550,Lieutenant Commander's Pursuance,,,Jagdrüstung des Feldkommandanten,少校的职责,Упорство Лейтенанта-Командора,Persistencia de Teniente Coronel,Prossecução do Tenente-Comandante,4128894,23292,23293,23278,23279,23306,23307,0,0,0,0,0,0,0,0,0,0,0,14467,14384,23158,45530,0,0,0,0,6,2,4,6,0,0,0,0,0,0
551,Lieutenant Commander's Refuge,,,Haingewand des Feldkommandanten,少校的庇护,Защита Лейтенанта-Командора,Refugio de Teniente Coronel,Refúgio do Tenente-Comandante,4128894,23294,23295,23280,23281,23308,23309,0,0,0,0,0,0,0,0,0,0,0,14467,23218,14049,45530,0,0,0,0,6,4,2,6,0,0,0,0,0,0
600,Primalist's Trappings,,,Zierat des Primalisten,首领护具,Облачение Предводителя,Atavío del Primigenio,Paramentos Do Primordialista,4128894,81061,81062,81063,81064,81065,81066,0,0,0,0,0,0,0,0,0,0,0,9314,18676,0,0,0,0,0,0,6,3,0,0,0,0,0,0,0,0
601,Rune-Etched Armor,,,Runenverzierte Rüstung,刻有符文的护甲,Рунические Доспехи,Armadura Grabada con Runas,Armadura Gravada Com Runas,4128894,60287,60288,60289,60290,60291,60292,0,0,0,0,0,0,0,0,0,0,0,7219,21598,0,0,0,0,0,0,6,3,0,0,0,0,0,0,0,0
602,Grifter's Armor,,,Rüstung des Gauners,骗子套装,Доспехи Мошенника,Armadura del Estafador,Armadura Do Trapaceiro,4128894,83400,83401,83402,83403,83404,83405,0,0,0,0,0,0,0,0,0,0,0,13665,9121,0,0,0,0,0,0,6,3,0,0,0,0,0,0,0,0
603,Steel Plate Armor,,,Stahlplattenrüstung,钢铁板甲套装,Стальные Латы,Armadura de Placas de Acero,Armadura de Placa de Aço,4128894,83415,83414,83413,83412,83411,83410,0,0,0,0,0,0,0,0,0,0,0,9336,14803,0,0,0,0,0,0,6,3,0,0,0,0,0,0,0,0
604,Diviner's Garments,,,Gewänder des göttlichen Richters,占卜师的服装,Одеяния Провидца,Atuendo de Adivino,Vestuário Do Adivinho,4128894,83282,83281,83280,83285,83284,83283,0,0,0,0,0,0,0,0,0,0,0,9407,9111,0,0,0,0,0,0,6,3,0,0,0,0,0,0,0,0
605,Augerer's Attire,,,Augerer's Robe,预言家的服装,,Atuendo de Adivinador,Traje Do Adivinhador,4128894,83286,83287,83288,83289,83290,83291,0,0,0,0,0,0,0,0,0,0,0,14713,9106,0,0,0,0,0,0,6,3,0,0,0,0,0,0,0,0
606,Pillager's Garb,,,Tücher des Räubers,掠夺者的服装,,Atuendo de Saqueador,Traje Do Saqueador,4128894,83292,83293,83294,83295,83296,83297,0,0,0,0,0,0,0,0,0,0,0,18384,21599,0,0,0,0,0,0,6,3,0,0,0,0,0,0,0,0
607,Red Dragon Mail,,,Roter Drachenschuppenpanzer,红龙锁甲,,Malla de Dragón Rojo,Malha Do Dragão Vermelho,4128894,65000,65001,65002,15047,0,0,0,0,0,0,0,0,0,0,0,0,0,48000,9315,14592,0,0,0,0,0,4,3,2,0,0,0,0,0,0,0
608,Bloody Gladiator's Regalia,,,Ornat des blutigen Feldherren,血色角斗士的法衣,,Atavío del Gladiador Sangriento,Paramentos Do Gladiador Sangrento,4128894,83428,83427,83426,83425,83420,83424,83423,83421,0,0,0,0,0,0,0,0,0,18382,14047,26283,14467,45530,0,0,0,8,6,4,2,2,0,0,0,0,0
609,Bloody Gladiator's Vestments,,,Gewänder des blutigen Feldherren,血色角斗士的套装,,Vestimentas del Gladiador Sangriento,Vestes Do Gladiador Sangrento,4128894,83436,83435,83434,83433,83432,83431,83430,83429,0,0,0,0,0,0,0,0,0,7598,14049,48036,14467,45530,0,0,0,8,6,4,2,2,0,0,0,0,0
610,Bloody Gladiator's Pursuit,,,Streben des blutigen Feldherren,血色角斗士的猎装,,Persecución del Gladiador Sangriento,Perseguição Do Gladiador Sangrento,4128894,60357,60356,60355,60354,60353,60352,60351,60350,0,0,0,0,0,0,0,0,0,7597,18384,9331,9342,8815,25975,14467,45530,8,8,6,6,4,4,2,2,0,0
611,Bloody Gladiator's Battlegear,,,Schlachtrüstung des blutigen Feldherren,血色角斗士的战甲,,Equipo de Batalla del Gladiador Sangriento,Equipamento De Batalha Do Gladiador Sangrento,4128894,60365,60364,60363,60362,60361,60360,60359,60358,0,0,0,0,0,0,0,0,0,7598,14049,48036,14467,45530,0,0,0,8,6,4,2,2,0,0,0,0,0
612,Incendosaur Skin Armor,,,Incendosaurierschuppen Rüstung,熏火龙皮护甲,,Armadura de Piel de Incendiosaurio,Armadura De Pele De Incendossauro,4128894,60572,60568,60582,0,0,0,0,0,0,0,0,0,0,0,0,0,0,7711,9233,0,0,0,0,0,0,2,3,0,0,0,0,0,0,0,0
613,Redemption of the Prophecy,,,Vergeltung des Propheten,预言的救赎,,Redención de la Profecía,Redenção Da Profecia,4128894,21704,21889,21683,0,0,0,0,0,0,0,0,0,0,0,0,0,0,9343,8815,21408,0,0,0,0,0,2,3,3,0,0,0,0,0,0,0
614,Fall of the Prophet,,,Sturz des Propheten,先知的堕落,,Caída del Profeta,Queda Do Profeta,4128894,21705,21890,21684,0,0,0,0,0,0,0,0,0,0,0,0,0,0,9343,8815,21408,0,0,0,0,0,2,3,3,0,0,0,0,0,0,0
615,Hateforge Armor,,,Rüstung der Hassschmiede,仇恨熔炉护甲,,Armadura Forjaodio,Armadura Do Forjador do Ódio,4128894,60573,60574,60575,60576,60577,60578,0,0,0,0,0,0,0,0,0,0,0,9331,48036,8815,0,0,0,0,0,2,4,6,0,0,0,0,0,0,0
616,Living Armor,,,Lebende Rüstung,生存护甲,,Armadura Viviente,Armadura Vivente,4128894,15059,15060,15061,0,0,0,0,0,0,0,0,0,0,0,0,0,0,9314,14776,0,0,0,0,0,0,2,3,0,0,0,0,0,0,0,0
617,Warbear Armor,,,Rüstung des Kriegsbären,战熊护甲,,Armadura del Oso de Guerra,Armadura Do Urso De Guerra,4128894,15064,15065,0,0,0,0,0,0,0,0,0,0,0,0,0,0,0,7597,13669,0,0,0,0,0,0,2,2,0,0,0,0,0,0,0,0
618,Dragon Mail,,,Drachenschuppenrüstung,巨龙锁甲,,Malla de Dragón,Malha Do Dragão,4128894,8347,8367,65019,0,0,0,0,0,0,0,0,0,0,0,0,0,0,9117,48036,0,0,0,0,0,0,2,3,0,0,0,0,0,0,0,0
619,Bronze Dragon Mail,,,Bronzene Draschenschuppenrüstung,青铜龙锁甲,,Malla de Dragón de Bronce,Malha Do Dragão De Bronze,4128894,60579,60580,60581,0,0,0,0,0,0,0,0,0,0,0,0,0,0,15687,13670,0,0,0,0,0,0,2,3,0,0,0,0,0,0,0,0
620,Convergence of the Elements,,,Zusammenkunft der Elemente,元素的融合,,Convergencia de los Elementos,Convergência Dos Elementos,4128894,65024,65025,65026,65027,0,0,0,0,0,0,0,0,0,0,0,0,0,18676,13669,15464,13679,14027,24090,0,0,2,3,3,4,4,4,0,0,0,0
621,Cloudweave Raiment,,,Gewand des Wolkenwebers,云织套装,,Vestiduras de Tejido de Nube,Paramentos De Nuvem Tecida,4128894,60558,60557,60556,60555,0,0,0,0,0,0,0,0,0,0,0,0,0,24595,21629,23729,0,0,0,0,0,2,3,4,0,0,0,0,0,0,0
622,Greymane Armor,,,Rüstung der Graumäne,格雷迈恩护甲,,Armadura de Cringris,Armadura Do Greymane,4128894,61313,61324,61376,61378,61377,61379,0,0,0,0,0,0,0,0,0,0,0,7524,45421,44087,0,0,0,0,0,2,4,6,0,0,0,0,0,0,0
623,Dreamsteel Armor,,,Traumstahl Rüstung,梦境钢铁护甲,,Armadura de Acero de Ensueño,Armadura De Sonho De Aço,4128894,61364,61365,61366,61367,0,0,0,0,0,0,0,0,0,0,0,0,0,9330,48036,0,0,0,0,0,0,2,4,0,0,0,0,0,0,0,0
626,Dreamhide Battlegarb,,,Traumleder Lamellen,梦境皮革战甲,,Atuendo de Batalla de Piel de Ensueño,Traje De Batalha De Pele De Sonho,4128894,61356,61357,61358,61359,0,0,0,0,0,0,0,0,0,0,0,0,0,18681,45431,0,0,0,0,0,0,2,4,0,0,0,0,0,0,0,0
627,Dreamthread Regalia,,,Traumfaden Gewand,梦境丝线服饰,,Atavío de Hilo de Ensueño,Paramentos De Fio De Sonho,4128894,61360,61361,61362,61363,0,0,0,0,0,0,0,0,0,0,0,0,0,9346,8815,0,0,0,0,0,0,2,4,0,0,0,0,0,0,0,0
628,Mooncloth Regalia,,,Mondstoff Gewand,月布服饰,,Atavío de Tela Lunar,Paramentos De Tecido Lunar,4128894,14140,14139,14138,18486,18409,14137,15802,0,0,0,0,0,0,0,0,0,0,9408,21364,45491,0,0,0,0,0,2,4,6,0,0,0,0,0,0,0
629,Flarecore Regalia,,,Flimmerkern Gewand,光芒服饰,,Atavío de Núcleo Ígneo,Paramentos De Núcleo De Chama,4128894,16979,19165,16980,19156,18263,65035,0,0,0,0,0,0,0,0,0,0,0,23727,14594,45846,0,0,0,0,0,2,4,6,0,0,0,0,0,0,0
630,Towerforge Battlegear,,,Schlachtrüstung der Turmschmiede,塔铸战甲,,Equipo de Batalla Forjatorre,Equipamento De Batalha Forjatower,4128894,60007,60008,60009,60010,0,0,0,0,0,0,0,0,0,0,0,0,0,15774,45847,45496,0,0,0,0,0,2,3,4,0,0,0,0,0,0,0
631,Spellweaver's Accessories,,,Zubehör des Zauberwebers,织法者配饰,,Accesorios del Tejedor de Hechizos,Acessórios Do Tecelão De Feitiços,4128894,55271,56090,0,0,0,0,0,0,0,0,0,0,0,0,0,0,0,7501,0,0,0,0,0,0,0,2,0,0,0,0,0,0,0,0,0
632,Ornate Mithril Jewelry,,,Verziehrter Mithril Schmuck,精致秘银珠宝,,Joyería de Mithril Ornamentada,Joias De Mithril Ornamentadas,4128894,56089,56070,0,0,0,0,0,0,0,0,0,0,0,0,0,0,0,25975,0,0,0,0,0,0,0,2,0,0,0,0,0,0,0,0,0
633,Midnight Regalia,,,Mitternachts Gewand,午夜礼服,,Atavío de Medianoche,Paramentos Da Meia-Noite,4128894,56091,41312,0,0,0,0,0,0,0,0,0,0,0,0,0,0,0,14673,0,0,0,0,0,0,0,2,0,0,0,0,0,0,0,0,0
634,Stormcloud Jewelry,,,Sturmwolken Schmuck,雷云珠宝,,Joyería de Nubormenta,Joias Da Nuvem Tempestuosa,4128894,56035,56092,56093,0,0,0,0,0,0,0,0,0,0,0,0,0,0,9411,0,0,0,0,0,0,0,3,0,0,0,0,0,0,0,0,0
635,Goldmaster's Jewelry,,,Schatzmeister Schmuck,黄金大师珠宝,,Joyería del Maestro Dorado,Joias Do Mestre Dourado,4128894,56050,41340,56053,0,0,0,0,0,0,0,0,0,0,0,0,0,0,21430,0,0,0,0,0,0,0,3,0,0,0,0,0,0,0,0,0
636,Aquamarine Jewelry,,,Aquamarin Schmuck,青绿石珠宝,,Joyería Aguamarina,Joias De Água-Marinha,4128894,56048,55196,0,0,0,0,0,0,0,0,0,0,0,0,0,0,0,7507,0,0,0,0,0,0,0,2,0,0,0,0,0,0,0,0,0
637,Mastercrafted Diamond Jewelry,,,Meisterlicher Diamanten Schmuck,精制钻石珠宝,,Joyería de Diamante Magistral,Joias De Diamante Maestral,4128894,56096,56064,0,0,0,0,0,0,0,0,0,0,0,0,0,0,0,23727,0,0,0,0,0,0,0,2,0,0,0,0,0,0,0,0,0
638,Possessions of the Lost,,,Habe der Verlorenen,失落之物,,Posesiones de los Perdidos,Posses Dos Perdidos,4128894,60790,60809,60798,22253,0,0,0,0,0,0,0,0,0,0,0,0,0,51130,0,0,0,0,0,0,0,3,0,0,0,0,0,0,0,0,0
639,Medivh's Clarity,,,Klarheit von Medhiv,麦迪文的明晰,,Claridad de Medivh,Claridade De Medivh,4128894,55094,61251,0,0,0,0,0,0,0,0,0,0,0,0,0,0,0,18056,0,0,0,0,0,0,0,2,0,0,0,0,0,0,0,0,0
640,Dreadslayer's Rampage,,,Toben des Schreckensschlächters,恐惧杀手的暴怒,,Furia del Asesino del Terror,Rampage Do Destruidor Do Terror,4128894,55108,55113,0,0,0,0,0,0,0,0,0,0,0,0,0,0,0,48037,0,0,0,0,0,0,0,2,0,0,0,0,0,0,0,0,0
641,Lawbringer Battleplate,,,Kampfplatte des Gesetzeshüters,秩序之源战甲,,Placa de Batalla de Justiciero,Armadura de Justiceiro,4128894,47000,47001,47002,47003,47004,47005,47006,47007,0,0,0,0,0,0,0,0,0,51806,13675,51805,0,0,0,0,0,3,5,8,0,0,0,0,0,0,0
642,Lawbringer Battlegear,,,Schlachtrüstung des Gesetzeshüters,秩序之源战装,,Equipo de Batalla de Justiciero,Equipamento de Batalha de Justiceiro,4128894,47008,47009,47010,47011,47012,47013,47014,47015,0,0,0,0,0,0,0,0,0,51801,7598,51803,0,0,0,0,0,3,5,8,0,0,0,0,0,0,0
643,Judgement Battleplate,,,Kampfplatte des Richturteils,审判战甲,,Placa de Batalla de la Sentencia,Armadura de Sentença,4128894,47016,47017,47018,47019,47020,47021,47022,47023,0,0,0,0,0,0,0,0,0,51811,14054,51815,0,0,0,0,0,3,5,8,0,0,0,0,0,0,0
644,Judgement Battlegear,,,Schlachtrüstung des Richturteils,审判战装,,Equipo de Batalla de la Sentencia,Equipamento de Batalha de Sentença,4128894,47024,47025,47026,47027,47028,47029,47030,47031,0,0,0,0,0,0,0,0,0,51811,14054,21882,0,0,0,0,0,3,5,8,0,0,0,0,0,0,0
645,Avenger's Battleplate,,,Kampfplatte des Vergelters,复仇者战甲,,Equipo de Batalla del Vengador,Armadura do Vingador,4128894,47032,47033,47034,47035,47036,0,0,0,0,0,0,0,0,0,0,0,0,51819,28264,0,0,0,0,0,0,3,5,0,0,0,0,0,0,0,0
646,Avenger's Armor,,,Rüstung des Vergelters,复仇者装甲,,Armadura del Vengador,Armadura do Vingador,4128894,47037,47038,47039,47040,47041,0,0,0,0,0,0,0,0,0,0,0,0,57161,51817,0,0,0,0,0,0,3,5,0,0,0,0,0,0,0,0
647,Redemption Battleplate,,,Kampfplatte der Erlösung,救赎战甲,,Armadura de la Redención,Armadura de Redenção,4128894,47042,47043,47044,47045,47046,47047,47048,47049,47050,0,0,0,0,0,0,0,0,13676,28325,51823,23213,0,0,0,0,2,4,6,8,0,0,0,0,0,0
648,Redemption Battlegear,,,Schlachtrüstung der Erlösung,救赎战装,,Equipo de Batalla de Redención,Equipamento de Batalha de Redenção,4128894,47051,47052,47053,47054,47055,47056,47057,47058,47059,0,0,0,0,0,0,0,0,7599,8815,51823,23213,0,0,0,0,2,4,6,8,0,0,0,0,0,0
649,Cenarion Regalia,,,Ornat des Cenarius,塞纳里奥服饰,,Vestiduras de Cenarius,Vestes de Cenarius,4128894,47330,47331,47332,47333,47334,47335,47336,47337,0,0,0,0,0,0,0,0,0,18382,52323,52325,0,0,0,0,0,3,5,8,0,0,0,0,0,0,0
650,Cenarion Harness,,,Geschirr des Cenarius,塞纳里奥套甲,,Arnés de Cenarius,Arnés de Cenarius,4128894,47338,47339,47340,47341,47342,47343,47344,47345,0,0,0,0,0,0,0,0,0,52350,52351,52352,0,0,0,0,0,3,5,8,0,0,0,0,0,0,0
651,Stormrage Regalia,,,Ornat des Sturmgrimms,怒风服饰,,Vestiduras de Tempestira,Vestes Tempestira,4128894,47346,47347,47348,47349,47350,47351,47352,47353,0,0,0,0,0,0,0,0,0,52326,52328,52330,0,0,0,0,0,3,5,8,0,0,0,0,0,0,0
652,Stormrage Harness,,,Geschirr des Sturmgrimms,怒风套甲,,Arnés de Tempestira,Arnés Tempestira,4128894,47354,47355,47356,47357,47358,47359,47360,47361,0,0,0,0,0,0,0,0,0,52354,52355,52357,0,0,0,0,0,3,5,8,0,0,0,0,0,0,0
653,Genesis Raiment,,,Gewand des Genesis,起源服饰,,Vestiduras Génesis,Vestes Gênesis,4128894,47362,47363,47364,47365,47366,0,0,0,0,0,0,0,0,0,0,0,0,52344,52345,0,0,0,0,0,0,3,5,0,0,0,0,0,0,0,0
654,Genesis Harness,,,Geschirr des Genesis,起源套甲,,Arnés Génesis,Arnés Gênesis,4128894,47367,47368,47369,47370,47371,0,0,0,0,0,0,0,0,0,0,0,0,52358,52360,0,0,0,0,0,0,3,5,0,0,0,0,0,0,0,0
655,Dreamwalker Regalia,,,Gewand des Traumläufers,梦游者礼服,,Vestiduras Caminasueños,Vestes Caminhassonhos,4128894,47372,47373,47374,47375,47376,47377,47378,47379,47380,0,0,0,0,0,0,0,0,52333,52331,52335,52337,0,0,0,0,2,4,6,8,0,0,0,0,0,0
656,Dreamwalker Harness,,,Geschirr des Traumläufers,梦游者套甲,,Arnés Caminasueños,Arnés Caminhassonhos,4128894,47381,47382,47383,47384,47385,47386,47387,47388,47389,0,0,0,0,0,0,0,0,13670,52363,52364,52366,0,0,0,0,2,4,6,8,0,0,0,0,0,0
657,Arcanist's Vestments,,,Gewänder des Arkanisten,奥术师服饰,,Vestimentas de Arcanista,Vestes de Arcanista,4128894,47078,47079,47080,47081,47082,47083,47084,47085,0,0,0,0,0,0,0,0,0,8815,52568,52587,0,0,0,0,0,3,5,8,0,0,0,0,0,0,0
658,Netherwind Vestments,,,Gewänder des Netherwinds,灵风服饰,,Vestimentas Viento Abisal,Vestes Vento Abissal,4128894,47086,47087,47088,47089,47090,47091,47092,47093,0,0,0,0,0,0,0,0,0,52579,52570,52572,0,0,0,0,0,3,5,8,0,0,0,0,0,0,0
659,Enigma Vestments,,,Gewänder der Rätsel,神秘服饰,,Vestimentas Enigma,Vestes Enigma,4128894,47094,47095,47096,47097,47098,0,0,0,0,0,0,0,0,0,0,0,0,52586,52594,0,0,0,0,0,0,3,5,0,0,0,0,0,0,0,0
660,Frostfire Vestments,,,Gewänder des Frostfeuers,霜火服饰,,Vestimentas de Fuego de Escarcha,Vestes de Fogo de Gelo,4128894,47099,47100,47101,47102,47103,47104,47105,47106,47107,0,0,0,0,0,0,0,0,52582,52592,52580,52589,0,0,0,0,2,4,6,8,0,0,0,0,0,0
661,Regalia of Prophecy,,,Gewand der Prophezeiung,预言布服,,Vestimentas de Profecía,Vestes de Profecia,4128894,47198,47199,47200,47201,47202,47203,47204,47205,0,0,0,0,0,0,0,0,0,51771,51772,51774,0,0,0,0,0,3,5,8,0,0,0,0,0,0,0
662,Regalia of Transcendence,,,Gewand der Transzendenz,卓越布服,,Vestiduras de Trascendencia,Vestes de Transcendência,4128894,47206,47207,47208,47209,47210,47211,47212,47213,0,0,0,0,0,0,0,0,0,51775,51776,51778,0,0,0,0,0,3,5,8,0,0,0,0,0,0,0
663,Attire of the Oracle,,,Gewänder des Orakels,神谕者布服,,Vestimentas del Oráculo,Vestes de Oráculo,4128894,47214,47215,47216,47217,47218,0,0,0,0,0,0,0,0,0,0,0,0,51797,51798,0,0,0,0,0,0,3,5,0,0,0,0,0,0,0,0
664,Regalia of Faith,,,Gewand des Glaubens,信仰礼服,,Atavío de Fe,Vestes de Fé,4128894,47219,47220,47221,47222,47223,47224,47225,47226,47227,0,0,0,0,0,0,0,0,51779,51780,51782,51784,0,0,0,0,2,4,6,8,0,0,0,0,0,0
665,Earthfury Battlegear,,,Schlachtrüstung der Erdwut,大地之怒战甲,,Equipo de Batalla de Furia de la Tierra,Equipamento de Batalha Fúria da Terra,4128894,47120,47121,47122,47123,47124,47125,47126,47127,0,0,0,0,0,0,0,0,0,51837,51838,51840,0,0,0,0,0,3,5,8,0,0,0,0,0,0,0
666,Earthfury Garb,,,Gewand der Erdwut,大地之怒服装,,Atuendo de Furia de la Tierra,Traje Fúria da Terra,4128894,47128,47129,47130,47131,47132,47133,47134,47135,0,0,0,0,0,0,0,0,0,51861,51867,46114,0,0,0,0,0,3,5,8,0,0,0,0,0,0,0
667,Battlegear of the Ten Storms,,,Schlachtrüstung der zehn Stürme,无尽风暴战装,,Equipo de Batalla de las Diez Tormentas,Equipamento de Batalha das Dez Tempestades,4128894,47136,47137,47138,47139,47140,47141,47142,47143,0,0,0,0,0,0,0,0,0,51841,51844,51846,0,0,0,0,0,3,5,8,0,0,0,0,0,0,0
668,The Ten Storms,,,Die zehn Stürme,无尽风暴,,Las Diez Tormentas,As Dez Tempestades,4128894,47144,47145,47146,47147,47148,47149,47150,47151,0,0,0,0,0,0,0,0,0,51892,23570,23551,0,0,0,0,0,3,5,8,0,0,0,0,0,0,0
669,Stormcaller's Battlegear,,,Schlachtrüstung des Sturmrufers,风暴召唤者战甲,,Equipo de Batalla del Clamatormentas,Equipamento de Batalha do Clamatormentas,4128894,47152,47153,47154,47155,47156,0,0,0,0,0,0,0,0,0,0,0,0,51848,51849,0,0,0,0,0,0,3,5,0,0,0,0,0,0,0,0
670,The Stormcaller,,,Der Sturmrufer,风暴召唤者,,Clamatormentas,Clamatormentas,4128894,47157,47158,47159,47160,47161,0,0,0,0,0,0,0,0,0,0,0,0,51893,51894,0,0,0,0,0,0,3,5,0,0,0,0,0,0,0,0
671,Earthshatterer's Battlegear,,,Schlachtrüstung des Erdspalters,碎地者战甲,,Equipo de Batalla del Trizaterrador,Equipamento de Batalha do Trizaterrador,4128894,47162,47163,47164,47165,47166,47167,47168,47169,47170,0,0,0,0,0,0,0,0,51850,51851,51855,51856,0,0,0,0,2,4,6,8,0,0,0,0,0,0
672,Earthshatterer's Garb,,,Gewand des Erdspalters,碎地者服装,,Atuendo del Trizaterrador,Traje do Trizaterrador,4128894,47171,47172,47173,47174,47175,47176,47177,47178,47179,0,0,0,0,0,0,0,0,46113,51886,51887,46112,0,0,0,0,2,4,6,8,0,0,0,0,0,0
673,Armor of Might,,,Rüstung der Macht,力量装甲,,Armadura de Poderío,Armadura de Poder,4128894,47240,47241,47242,47243,47244,47245,47246,47247,0,0,0,0,0,0,0,0,0,51899,53200,52401,0,0,0,0,0,3,5,8,0,0,0,0,0,0,0
674,Armor of Wrath,,,Rüstung des Zorns,愤怒装甲,,Armadura de Cólera,Armadura da Cólera,4128894,47248,47249,47250,47251,47252,47253,47254,47255,0,0,0,0,0,0,0,0,0,53203,52322,53204,0,0,0,0,0,3,5,8,0,0,0,0,0,0,0
676,Armor of the Dreadnought,,,Rüstung des Schreckenspanzers,无畏装甲,,Armadura del Acorator,Armadura do Acorator,4128894,47261,47262,47263,47264,47265,47266,47267,47268,47269,0,0,0,0,0,0,0,0,53206,53207,53205,53208,0,0,0,0,2,4,6,8,0,0,0,0,0,0
677,Felheart Attire,,,Kleidung des Teufelsherzen,恶魔之心服装,,Atuendo Corazón Vil,Vestes Coração Negro,4128894,47276,47277,47278,47279,47280,47281,47282,47283,0,0,0,0,0,0,0,0,0,52599,52609,52611,0,0,0,0,0,3,5,8,0,0,0,0,0,0,0
678,Nemesis Attire,,,Kleidung des Nemesis,复仇服装,,Atuendo de la Némesis,Vestes da Nêmesis,4128894,47284,47285,47286,47287,47288,47289,47290,47291,0,0,0,0,0,0,0,0,0,52600,52601,52626,0,0,0,0,0,3,5,8,0,0,0,0,0,0,0
679,Doomcaller's Attire,,,Kleidung des Verdammnisrufers,厄运召唤者服装,,Atuendo de Clamacondenas,Trajes Clamacondenas,4128894,47292,47293,47294,47295,47296,0,0,0,0,0,0,0,0,0,0,0,0,52655,52656,0,0,0,0,0,0,3,5,0,0,0,0,0,0,0,0
680,Plagueheart Attire,,,Kleidung des verseuchten Herzens,瘟疫之心服装,,Atuendo Corazón de Peste,Vestes Coração de Pestilência,4128894,47297,47298,47299,47300,47301,47302,47303,47304,47305,0,0,0,0,0,0,0,0,52607,52606,52604,52620,0,0,0,0,2,4,6,8,0,0,0,0,0,0
681,Raiment of the Talon,,,Gewand der Klaue,猛禽服饰,,Vestiduras del Talón,Vestes do Calcanhar,4128894,47390,47391,47392,47393,47394,47395,0,0,0,0,0,0,0,0,0,0,0,52346,52349,0,0,0,0,0,0,3,5,0,0,0,0,0,0,0,0
682,Regalia of the Talon,,,Ornat der Klaue,猛禽礼服,,Atavío del Talón,Traje do Calcanhar,4128894,47396,47397,47398,47399,47400,47401,0,0,0,0,0,0,0,0,0,0,0,52341,52342,0,0,0,0,0,0,3,5,0,0,0,0,0,0,0,0
683,Harness of the Talon,,,Geschirr der Klaue,猛禽套甲,,Arnés del Talón,Arnés do Calcanhar,4128894,47402,47403,47404,47405,47406,47407,0,0,0,0,0,0,0,0,0,0,0,52368,52372,0,0,0,0,0,0,3,5,0,0,0,0,0,0,0,0
684,Regalia of the Guardian,,,Ornat des Wächters,守护者礼服,,Vestiduras del Guardián,Vestes do Guardião,4128894,47108,47109,47110,47111,47112,47113,0,0,0,0,0,0,0,0,0,0,0,52596,52584,0,0,0,0,0,0,3,5,0,0,0,0,0,0,0,0
685,Vestments of the Guardian,,,Gewänder des Wächters,守护者服饰,,Vestimentas del Guardián,Vestes do Guardião,4128894,47114,47115,47116,47117,47118,47119,0,0,0,0,0,0,0,0,0,0,0,52598,52566,0,0,0,0,0,0,3,5,0,0,0,0,0,0,0,0
686,Vestments of Pestilence,,,Gewänder der Seuche,疫医服饰,,Vestimentas de Pestilencia,Vestes Pestilência,4128894,47228,47229,47230,47231,47232,47233,0,0,0,0,0,0,0,0,0,0,0,41358,41360,0,0,0,0,0,0,3,5,0,0,0,0,0,0,0,0
687,Regalia of Pestilence,,,Ornat der Seuche,疫医礼服,,Atavío de Pestilencia,Traje Pestilência,4128894,47234,47235,47236,47237,47238,47239,0,0,0,0,0,0,0,0,0,0,0,51785,51795,0,0,0,0,0,0,3,5,0,0,0,0,0,0,0,0
688,Stormhowl Battlegear,,,Schlachtrüstung des Sturmgeheuls,风暴之嚎战装,,Equipo de Batalla Aullatormentas,Equipamento de Batalha Uivo da Tempestade,4128894,47180,47181,47182,47183,47184,47185,0,0,0,0,0,0,0,0,0,0,0,41197,41196,0,0,0,0,0,0,3,5,0,0,0,0,0,0,0,0
689,Stormhowl Garb,,,Gewand des Sturmgeheuls,风暴之嚎服饰,,Atuendo Aullatormentas,Traje Uivo da Tempestade,4128894,47186,47187,47188,47189,47190,47191,0,0,0,0,0,0,0,0,0,0,0,46762,51891,0,0,0,0,0,0,3,5,0,0,0,0,0,0,0,0
690,The Stormhowl,,,Das Sturmgeheul,风暴之嚎,,El Aullatormentas,O Uivo da Tempestade,4128894,47192,47193,47194,47195,47196,47197,0,0,0,0,0,0,0,0,0,0,0,41199,41198,0,0,0,0,0,0,3,5,0,0,0,0,0,0,0,0
691,Battlegear of the Brotherhood,,,Schlachtrüstung der Bruderschaft,兄弟会战装,,Equipo de Batalla de la Hermandad,Equipamento de Batalha da Irmandade,4128894,47270,47271,47272,47273,47274,47275,0,0,0,0,0,0,0,0,0,0,0,41361,41363,0,0,0,0,0,0,3,5,0,0,0,0,0,0,0,0
692,Lionheart Armor,,,Löwenherz Rüstung,雄狮之心装甲,,Armadura Corazón de León,Armadura Coração de Leão,4128894,47060,47061,47062,47063,47064,47065,0,0,0,0,0,0,0,0,0,0,0,51826,46000,0,0,0,0,0,0,3,5,0,0,0,0,0,0,0,0
693,Lionheart Battleplate,,,Löwenherz Kriegsplatte,雄狮之心战甲,,Placa de Batalla Corazón de León,Placa de Batalha Coração de Leão,4128894,47066,47067,47068,47069,47070,47071,0,0,0,0,0,0,0,0,0,0,0,51836,51813,0,0,0,0,0,0,3,5,0,0,0,0,0,0,0,0
694,Lionheart Battlegear,,,Löwenherz Schlachtrüstung,雄狮之心战装,,Equipo de Batalla Corazón de León,Equipamento de Batalha Coração de Leão,4128894,47072,47073,47074,47075,47076,47077,0,0,0,0,0,0,0,0,0,0,0,51832,51834,0,0,0,0,0,0,3,5,0,0,0,0,0,0,0,0
695,Nathrezim Attire,,,Kleidung des Schreckenslords,纳斯雷兹姆服装,,Atuendo de Nathrezim,Vestes Nathrezim,4128894,47306,47307,47308,47309,47310,47311,0,0,0,0,0,0,0,0,0,0,0,52628,52613,0,0,0,0,0,0,3,5,0,0,0,0,0,0,0,0
696,Nathrezim Raiment,,,Gewand des Schreckenslords,纳斯雷兹姆礼服,,Vestiduras Nathrezim,Vestes Nathrezim,4128894,47312,47313,47314,47315,47316,47317,0,0,0,0,0,0,0,0,0,0,0,52624,52630,0,0,0,0,0,0,3,5,0,0,0,0,0,0,0,0
697,Ravenstalker Armor,,,Rüstung des Mondpirschers,渡鸦追猎者装甲,,Armadura Acechagavilán,Armadura Acechagavião,4128894,47318,47319,47320,47321,47322,47323,0,0,0,0,0,0,0,0,0,0,0,52602,52603,0,0,0,0,0,0,3,5,0,0,0,0,0,0,0,0
698,Trickster Armor,,,Rüstung des Betrügers,欺诈者装甲,,Armadura del Embaucador,Armadura do Embaucador,4128894,47324,47325,47326,47327,47328,47329,0,0,0,0,0,0,0,0,0,0,0,52562,52564,0,0,0,0,0,0,3,5,0,0,0,0,0,0,0,0
699,Dragonmaw Battlegarb,,,Kampfgewand des Drachenmauls,龙喉战装,,Atuendo Mandíbula de Dragón,Traje Mandíbula de Dragão,4128894,41724,58111,58112,58113,58114,58115,58099,0,0,0,0,0,0,0,0,0,0,15464,13198,44035,0,0,0,0,0,2,4,6,0,0,0,0,0,0,0
700,Stormreaver Attire,,,Kleidung des Sturmhäschers,暴掠套装,Vestiduras de Tempestira,Autendo Atracatormenta,Vestes Tempestosas,4128894,58131,58134,58147,58176,58177,58178,0,0,0,0,0,0,0,0,0,0,0,23727,9346,44081,0,0,0,0,0,2,4,6,0,0,0,0,0,0,0
701,Arms of Thaurissan,,,Rüstung von Thaurissan,索瑞森之臂,Brazales de Thaussarian,Armas de Thaurissan,Braceletes de Thaurissan,4128894,11684,58214,0,0,0,0,0,0,0,0,0,0,0,0,0,0,0,49368,0,0,0,0,0,0,0,2,0,0,0,0,0,0,0,0,0
702,Sacred Windhorn Attire,,,,,,,,4128894,33021,33026,33029,33035,33037,33042,0,0,0,0,0,0,0,0,0,0,0,7499,57159,52862,52860,0,0,0,0,2,4,6,6,0,0,0,0,0,0
703,Attire of Prophecy,,,,,,,,4128894,33000,33001,33002,33003,33004,33005,33006,33007,0,0,0,0,0,0,0,0,0,52881,52880,52882,0,0,0,0,0,3,5,8,0,0,0,0,0,0,0
704,Attire of Transcendence,,,,,,,,4128894,33008,33009,33010,33011,33012,33013,33014,33015,0,0,0,0,0,0,0,0,0,52884,52886,52888,0,0,0,0,0,3,5,8,0,0,0,0,0,0,0
705,Attire of Faith,,,,,,,,4128894,33162,33163,33164,33165,33166,33167,33168,33169,33170,0,0,0,0,0,0,0,0,52889,52938,52941,52940,0,0,0,0,2,4,6,8,0,0,0,0,0,0
706,Attire of Pestilence,,,,,,,,4128894,33171,33172,33173,33174,33175,33176,0,0,0,0,0,0,0,0,0,0,0,52977,52981,0,0,0,0,0,0,3,5,0,0,0,0,0,0,0,0
707,Regalia of the Oracle,,,,,,,,4128894,33016,33017,33018,33019,33020,0,0,0,0,0,0,0,0,0,0,0,0,52895,52897,0,0,0,0,0,0,3,5,0,0,0,0,0,0,0,0
708,Majesty of the Stag,,,,,,,,4128894,33380,33381,33382,33383,33384,33385,0,0,0,0,0,0,0,0,0,0,0,58167,58165,0,0,0,0,0,0,3,5,0,0,0,0,0,0,0,0
709,Rage of the Ursa,,,,,,,,4128894,33386,33387,33388,33389,33390,33391,0,0,0,0,0,0,0,0,0,0,0,58156,58158,0,0,0,0,0,0,3,5,0,0,0,0,0,0,0,0
710,Might of the Hippogryph,,,,,,,,4128894,33392,33393,33394,33395,33396,33397,0,0,0,0,0,0,0,0,0,0,0,58169,58153,0,0,0,0,0,0,3,5,0,0,0,0,0,0,0,0
711,Coil of the Hydra,,,,,,,,4128894,33366,33367,33368,33205,0,0,0,0,0,0,0,0,0,0,0,0,0,52929,52930,52932,0,0,0,0,0,2,3,4,0,0,0,0,0,0,0
712,Pride of the Moose,,,,,,,,4128894,33398,33399,33400,33401,33402,33403,0,0,0,0,0,0,0,0,0,0,0,58150,58148,0,0,0,0,0,0,3,5,0,0,0,0,0,0,0,0
713,Combatant's Battlegear,,,,,,,,4128894,33404,33405,33406,33407,33408,33409,0,0,0,0,0,0,0,0,0,0,0,22778,22738,14467,45530,0,0,0,0,2,4,6,6,0,0,0,0,0,0
714,Partisan's Battlegear,,,,,,,,4128894,33410,33411,33412,33413,33414,33415,0,0,0,0,0,0,0,0,0,0,0,22778,22738,14477,45530,0,0,0,0,2,4,6,6,0,0,0,0,0,0
715,Veteran's Battlegear,,,,,,,,4128894,33416,33417,33418,33419,33420,33421,0,0,0,0,0,0,0,0,0,0,0,22778,22738,14482,45531,0,0,0,0,2,4,6,6,0,0,0,0,0,0
716,Tactician's Arcanum,,,,,,,,4128894,33422,33423,33424,33425,33426,33427,0,0,0,0,0,0,0,0,0,0,0,23037,23025,14467,45530,0,0,0,0,2,4,6,6,0,0,0,0,0,0
717,Strategist's Arcanum,,,,,,,,4128894,33428,33429,33430,33431,33432,33433,0,0,0,0,0,0,0,0,0,0,0,23037,23025,14477,45530,0,0,0,0,2,4,6,6,0,0,0,0,0,0
718,Executor's Arcanum,,,,,,,,4128894,33434,33435,33436,33437,33438,33439,0,0,0,0,0,0,0,0,0,0,0,23037,23025,14482,45531,0,0,0,0,2,4,6,6,0,0,0,0,0,0
719,Combatant's Pursuit,,,,,,,,4128894,33440,33441,33442,33443,33444,33445,0,0,0,0,0,0,0,0,0,0,0,28539,23158,14467,45530,0,0,0,0,2,4,6,6,0,0,0,0,0,0
720,Partisan's Pursuit,,,,,,,,4128894,33446,33447,33448,33449,33450,33451,0,0,0,0,0,0,0,0,0,0,0,28539,23158,14477,45530,0,0,0,0,2,4,6,6,0,0,0,0,0,0
721,Veteran's Pursuit,,,,,,,,4128894,33452,33453,33454,33455,33456,33457,0,0,0,0,0,0,0,0,0,0,0,28539,23158,14482,45531,0,0,0,0,2,4,6,6,0,0,0,0,0,0
722,Tactician's Threads,,,,,,,,4128894,33458,33459,33460,33461,33462,33463,0,0,0,0,0,0,0,0,0,0,0,23047,23046,14467,45530,0,0,0,0,2,4,6,6,0,0,0,0,0,0
723,Strategist's Threads,,,,,,,,4128894,33464,33465,33466,33467,33468,33469,0,0,0,0,0,0,0,0,0,0,0,23047,23046,14477,45530,0,0,0,0,2,4,6,6,0,0,0,0,0,0
724,Executor's Threads,,,,,,,,4128894,33470,33471,33472,33473,33474,33475,0,0,0,0,0,0,0,0,0,0,0,23047,23046,14482,45531,0,0,0,0,2,4,6,6,0,0,0,0,0,0
725,Combatant's Earthshaker,,,,,,,,4128894,33476,33477,33478,33479,33480,33481,0,0,0,0,0,0,0,0,0,0,0,22804,22801,14467,45530,0,0,0,0,2,4,6,6,0,0,0,0,0,0
726,Partisan's Earthshaker,,,,,,,,4128894,33482,33483,33484,33485,33486,33487,0,0,0,0,0,0,0,0,0,0,0,22804,22801,14477,45530,0,0,0,0,2,4,6,6,0,0,0,0,0,0
727,Veteran''s Earthshaker,,,,,,,,4128894,33488,33489,33490,33491,33492,33493,0,0,0,0,0,0,0,0,0,0,0,22804,22801,14482,45531,0,0,0,0,2,4,6,6,0,0,0,0,0,0
728,Tactician's Earthshaker,,,,,,,,4128894,33494,33495,33496,33497,33498,33499,0,0,0,0,0,0,0,0,0,0,0,22804,22801,14467,45530,0,0,0,0,2,4,6,6,0,0,0,0,0,0
729,Strategist's Earthshaker,,,,,,,,4128894,33500,33501,33502,33503,33504,33505,0,0,0,0,0,0,0,0,0,0,0,22804,22801,14477,45530,0,0,0,0,2,4,6,6,0,0,0,0,0,0
730,Executor's Earthshaker,,,,,,,,4128894,33506,33507,33508,33509,33510,33511,0,0,0,0,0,0,0,0,0,0,0,22804,22801,14482,45531,0,0,0,0,2,4,6,6,0,0,0,0,0,0
731,Corpsman's Earthshaker,,,,,,,,4128894,33512,33513,33514,33515,33516,33517,0,0,0,0,0,0,0,0,0,0,0,22804,22801,14467,45530,0,0,0,0,2,4,6,6,0,0,0,0,0,0
732,Physician's Earthshaker,,,,,,,,4128894,33518,33519,33520,33521,33522,33523,0,0,0,0,0,0,0,0,0,0,0,22804,22801,14477,45530,0,0,0,0,2,4,6,6,0,0,0,0,0,0
733,Field Medic's Earthshaker,,,,,,,,4128894,33524,33525,33526,33527,33528,33529,0,0,0,0,0,0,0,0,0,0,0,22804,22801,14482,45531,0,0,0,0,2,4,6,6,0,0,0,0,0,0
734,Combatant's Sanctuary,,,,,,,,4128894,33530,33531,33532,33533,33534,33535,0,0,0,0,0,0,0,0,0,0,0,51871,23218,14467,45530,0,0,0,0,2,4,6,6,0,0,0,0,0,0
735,Partisan's Sanctuary,,,,,,,,4128894,33536,33537,33538,33539,33540,33541,0,0,0,0,0,0,0,0,0,0,0,51871,23218,14477,45530,0,0,0,0,2,4,6,6,0,0,0,0,0,0
736,Veteran's Sanctuary,,,,,,,,4128894,33542,33543,33544,33545,33546,33547,0,0,0,0,0,0,0,0,0,0,0,51871,23218,14482,45531,0,0,0,0,2,4,6,6,0,0,0,0,0,0
737,Tactician's Sanctuary,,,,,,,,4128894,33548,33549,33550,33551,33552,33553,0,0,0,0,0,0,0,0,0,0,0,51871,23218,14467,45530,0,0,0,0,2,4,6,6,0,0,0,0,0,0
738,Strategist's Sanctuary,,,,,,,,4128894,33554,33555,33556,33557,33558,33559,0,0,0,0,0,0,0,0,0,0,0,51871,23218,14477,45530,0,0,0,0,2,4,6,6,0,0,0,0,0,0
739,Executor's Sanctuary,,,,,,,,4128894,33560,33561,33562,33563,33564,33565,0,0,0,0,0,0,0,0,0,0,0,51871,23218,14482,45531,0,0,0,0,2,4,6,6,0,0,0,0,0,0
740,Corpsman's Sanctuary,,,,,,,,4128894,33566,33567,33568,33569,33570,33571,0,0,0,0,0,0,0,0,0,0,0,51871,23218,14467,45530,0,0,0,0,2,4,6,6,0,0,0,0,0,0
741,Physician's Sanctuary,,,,,,,,4128894,33572,33573,33574,33575,33576,33577,0,0,0,0,0,0,0,0,0,0,0,51871,23218,14477,45530,0,0,0,0,2,4,6,6,0,0,0,0,0,0
742,Field Medic's Sanctuary,,,,,,,,4128894,33578,33579,33580,33581,33582,33583,0,0,0,0,0,0,0,0,0,0,0,51871,23218,14482,45531,0,0,0,0,2,4,6,6,0,0,0,0,0,0
743,Combatant's Aegis,,,,,,,,4128894,33584,33585,33586,33587,33588,33589,0,0,0,0,0,0,0,0,0,0,0,23300,23302,14467,45530,0,0,0,0,2,4,6,6,0,0,0,0,0,0
744,Partisan's Aegis,,,,,,,,4128894,33590,33591,33592,33593,33594,33595,0,0,0,0,0,0,0,0,0,0,0,23300,23302,14477,45530,0,0,0,0,2,4,6,6,0,0,0,0,0,0
745,Veteran's Aegis,,,,,,,,4128894,33596,33597,33598,33599,33600,33601,0,0,0,0,0,0,0,0,0,0,0,23300,23302,14482,45531,0,0,0,0,2,4,6,6,0,0,0,0,0,0
746,Corpsman's Aegis,,,,,,,,4128894,33602,33603,33604,33605,33606,33607,0,0,0,0,0,0,0,0,0,0,0,23300,23302,14467,45530,0,0,0,0,2,4,6,6,0,0,0,0,0,0
747,Physician's Aegis,,,,,,,,4128894,33608,33609,33610,33611,33612,33613,0,0,0,0,0,0,0,0,0,0,0,23300,23302,14477,45530,0,0,0,0,2,4,6,6,0,0,0,0,0,0
748,Field Medic's Aegis,,,,,,,,4128894,33614,33615,33616,33617,33618,33619,0,0,0,0,0,0,0,0,0,0,0,23300,23302,14482,45531,0,0,0,0,2,4,6,6,0,0,0,0,0,0
749,Tactician's Investiture,,,,,,,,4128894,33620,33621,33622,33623,33624,33625,0,0,0,0,0,0,0,0,0,0,0,23044,23043,14467,45530,0,0,0,0,2,4,6,6,0,0,0,0,0,0
750,Strategist's Investiture,,,,,,,,4128894,33626,33627,33628,33629,33630,33631,0,0,0,0,0,0,0,0,0,0,0,23044,23043,14477,45530,0,0,0,0,2,4,6,6,0,0,0,0,0,0
751,Executor's Investiture,,,,,,,,4128894,33632,33633,33634,33635,33636,33637,0,0,0,0,0,0,0,0,0,0,0,23044,23043,14482,45531,0,0,0,0,2,4,6,6,0,0,0,0,0,0
752,Corpsman's Investiture,,,,,,,,4128894,33638,33639,33640,33641,33642,33643,0,0,0,0,0,0,0,0,0,0,0,23044,23043,14467,45530,0,0,0,0,2,4,6,6,0,0,0,0,0,0
753,Physician's Investiture,,,,,,,,4128894,33644,33645,33646,33647,33648,33649,0,0,0,0,0,0,0,0,0,0,0,23044,23043,14477,45530,0,0,0,0,2,4,6,6,0,0,0,0,0,0
754,Field Medic's Investiture,,,,,,,,4128894,33650,33651,33652,33653,33654,33655,0,0,0,0,0,0,0,0,0,0,0,23044,23043,14482,45531,0,0,0,0,2,4,6,6,0,0,0,0,0,0
755,Combatant's Cover,,,,,,,,4128894,33656,33657,33658,33659,33660,33661,0,0,0,0,0,0,0,0,0,0,0,23048,23049,14467,45530,0,0,0,0,2,4,6,6,0,0,0,0,0,0
756,Partisan's Cover,,,,,,,,4128894,33662,33663,33664,33665,33666,33667,0,0,0,0,0,0,0,0,0,0,0,23048,23049,14477,45530,0,0,0,0,2,4,6,6,0,0,0,0,0,0
757,Veteran's Cover,,,,,,,,4128894,33668,33669,33670,33671,33672,33673,0,0,0,0,0,0,0,0,0,0,0,23048,23049,14482,45531,0,0,0,0,2,4,6,6,0,0,0,0,0,0
758,Surrender to Madness,,,,,,,,4128894,33269,33275,0,0,0,0,0,0,0,0,0,0,0,0,0,0,0,58122,0,0,0,0,0,0,0,2,0,0,0,0,0,0,0,0,0
759,Wisdom of the Deer,,,,,,,,4128894,33674,33675,33676,33677,33678,33679,0,0,0,0,0,0,0,0,0,0,0,58163,58161,0,0,0,0,0,0,3,5,0,0,0,0,0,0,0,0
760,Combatant's Battlegear,,,,,,,,4128894,33680,33681,33682,33683,33684,33685,0,0,0,0,0,0,0,0,0,0,0,22778,22738,14467,45530,0,0,0,0,2,4,6,6,0,0,0,0,0,0
761,Partisan's Battlegear,,,,,,,,4128894,33686,33687,33688,33689,33690,33691,0,0,0,0,0,0,0,0,0,0,0,22778,22738,14477,45530,0,0,0,0,2,4,6,6,0,0,0,0,0,0
762,Veteran's Battlegear,,,,,,,,4128894,33692,33693,33694,33695,33696,33697,0,0,0,0,0,0,0,0,0,0,0,22778,22738,14482,45531,0,0,0,0,2,4,6,6,0,0,0,0,0,0
763,Tactician's Arcanum,,,,,,,,4128894,33698,33699,33700,33701,33702,33703,0,0,0,0,0,0,0,0,0,0,0,23037,23025,14467,45530,0,0,0,0,2,4,6,6,0,0,0,0,0,0
764,Strategist's Arcanum,,,,,,,,4128894,33704,33705,33706,33707,33708,33709,0,0,0,0,0,0,0,0,0,0,0,23037,23025,14477,45530,0,0,0,0,2,4,6,6,0,0,0,0,0,0
765,Executor's Arcanum,,,,,,,,4128894,33710,33711,33712,33713,33714,33715,0,0,0,0,0,0,0,0,0,0,0,23037,23025,14482,45531,0,0,0,0,2,4,6,6,0,0,0,0,0,0
766,Combatant's Pursuit,,,,,,,,4128894,33716,33717,33718,33719,33720,33721,0,0,0,0,0,0,0,0,0,0,0,28539,23158,14467,45530,0,0,0,0,2,4,6,6,0,0,0,0,0,0
767,Partisan's Pursuit,,,,,,,,4128894,33722,33723,33724,33725,33726,33727,0,0,0,0,0,0,0,0,0,0,0,28539,23158,14477,45530,0,0,0,0,2,4,6,6,0,0,0,0,0,0
768,Veteran's Pursuit,,,,,,,,4128894,33728,33729,33730,33731,33732,33733,0,0,0,0,0,0,0,0,0,0,0,28539,23158,14482,45531,0,0,0,0,2,4,6,6,0,0,0,0,0,0
769,Tactician's Threads,,,,,,,,4128894,33734,33735,33736,33737,33738,33739,0,0,0,0,0,0,0,0,0,0,0,23047,23046,14467,45530,0,0,0,0,2,4,6,6,0,0,0,0,0,0
770,Strategist's Threads,,,,,,,,4128894,33740,33741,33742,33743,33744,33745,0,0,0,0,0,0,0,0,0,0,0,23047,23046,14477,45530,0,0,0,0,2,4,6,6,0,0,0,0,0,0
771,Executor's Threads,,,,,,,,4128894,33746,33747,33748,33749,33750,33751,0,0,0,0,0,0,0,0,0,0,0,23047,23046,14482,45531,0,0,0,0,2,4,6,6,0,0,0,0,0,0
772,Combatant's Sanctuary,,,,,,,,4128894,33752,33753,33754,33755,33756,33757,0,0,0,0,0,0,0,0,0,0,0,51871,23218,14467,45530,0,0,0,0,2,4,6,6,0,0,0,0,0,0
773,Partisan's Sanctuary,,,,,,,,4128894,33758,33759,33760,33761,33762,33763,0,0,0,0,0,0,0,0,0,0,0,51871,23218,14477,45530,0,0,0,0,2,4,6,6,0,0,0,0,0,0
774,Veteran's Sanctuary,,,,,,,,4128894,33764,33765,33766,33767,33768,33769,0,0,0,0,0,0,0,0,0,0,0,51871,23218,14482,45531,0,0,0,0,2,4,6,6,0,0,0,0,0,0
775,Tactician's Sanctuary,,,,,,,,4128894,33770,33771,33772,33773,33774,33775,0,0,0,0,0,0,0,0,0,0,0,51871,23218,14467,45530,0,0,0,0,2,4,6,6,0,0,0,0,0,0
776,Strategist's Sanctuary,,,,,,,,4128894,33776,33777,33778,33779,33780,33781,0,0,0,0,0,0,0,0,0,0,0,51871,23218,14477,45530,0,0,0,0,2,4,6,6,0,0,0,0,0,0
777,Executor's Sanctuary,,,,,,,,4128894,33782,33783,33784,33785,33786,33787,0,0,0,0,0,0,0,0,0,0,0,51871,23218,14482,45531,0,0,0,0,2,4,6,6,0,0,0,0,0,0
778,Corpsman's Sanctuary,,,,,,,,4128894,33788,33789,33790,33791,33792,33793,0,0,0,0,0,0,0,0,0,0,0,51871,23218,14467,45530,0,0,0,0,2,4,6,6,0,0,0,0,0,0
779,Physician's Sanctuary,,,,,,,,4128894,33794,33795,33796,33797,33798,33799,0,0,0,0,0,0,0,0,0,0,0,51871,23218,14477,45530,0,0,0,0,2,4,6,6,0,0,0,0,0,0
780,Field Medic's Sanctuary,,,,,,,,4128894,33800,33801,33802,33803,33804,33805,0,0,0,0,0,0,0,0,0,0,0,51871,23218,14482,45531,0,0,0,0,2,4,6,6,0,0,0,0,0,0
781,Tactician's Investiture,,,,,,,,4128894,33806,33807,33808,33809,33810,33811,0,0,0,0,0,0,0,0,0,0,0,23044,23043,14467,45530,0,0,0,0,2,4,6,6,0,0,0,0,0,0
782,Strategist's Investiture,,,,,,,,4128894,33812,33813,33814,33815,33816,33817,0,0,0,0,0,0,0,0,0,0,0,23044,23043,14477,45530,0,0,0,0,2,4,6,6,0,0,0,0,0,0
783,Executor's Investiture,,,,,,,,4128894,33818,33819,33820,33821,33822,33823,0,0,0,0,0,0,0,0,0,0,0,23044,23043,14482,45531,0,0,0,0,2,4,6,6,0,0,0,0,0,0
784,Corpsman's Investiture,,,,,,,,4128894,33824,33825,33826,33827,33828,33829,0,0,0,0,0,0,0,0,0,0,0,23044,23043,14467,45530,0,0,0,0,2,4,6,6,0,0,0,0,0,0
785,Physician's Investiture,,,,,,,,4128894,33830,33831,33832,33833,33834,33835,0,0,0,0,0,0,0,0,0,0,0,23044,23043,14477,45530,0,0,0,0,2,4,6,6,0,0,0,0,0,0
786,Field Medic's Investiture,,,,,,,,4128894,33836,33837,33838,33839,33840,33841,0,0,0,0,0,0,0,0,0,0,0,23044,23043,14482,45531,0,0,0,0,2,4,6,6,0,0,0,0,0,0
787,Combatant's Cover,,,,,,,,4128894,33842,33843,33844,33845,33846,33847,0,0,0,0,0,0,0,0,0,0,0,23048,23049,14467,45530,0,0,0,0,2,4,6,6,0,0,0,0,0,0
788,Partisan's Cover,,,,,,,,4128894,33848,33849,33850,33851,33852,33853,0,0,0,0,0,0,0,0,0,0,0,23048,23049,14477,45530,0,0,0,0,2,4,6,6,0,0,0,0,0,0
789,Veteran's Cover,,,,,,,,4128894,33854,33855,33856,33857,33858,33859,0,0,0,0,0,0,0,0,0,0,0,23048,23049,14482,45531,0,0,0,0,2,4,6,6,0,0,0,0,0,0
